{"type":"FeatureCollection","features":[{"type":"Feature","properties":{},"geometry":{"type":"LineString","coordinates":[[-86.528741,34.315146],[-86.527046,34.31511],[-86.526783,34.315107],[-86.526632,34.31511],[-86.526616,34.315131],[-86.526603,34.31519],[-86.526598,34.31539],[-86.526597,34.315671],[-86.526588,34.31593],[-86.526574,34.316158]]}},{"type":"Feature","properties":{},"geometry":{"type":"LineString","coordinates":[[-86.512846,34.312997],[-86.513418,34.312976],[-86.513573,34.312988],[-86.513799,34.313026],[-86.513999,34.313066],[-86.514167,34.313118],[-86.514379,34.313208],[-86.514674,34.313378],[-86.515114,34.31365],[-86.515188,34.313542],[-86.515198,34.313484],[-86.515298,34.309996]]}},{"type":"Feature","properties":{},"geometry":{"type":"LineString","coordinates":[[-86.519026,34.305518],[-86.518944,34.305833],[-86.518923,34.305948],[-86.51892,34.306264],[-86.518922,34.306473],[-86.518917,34.306762],[-86.518896,34.306844],[-86.518867,34.3069],[-86.518712,34.306912],[-86.518643,34.306929],[-86.518572,34.306933],[-86.517023,34.30692],[-86.516261,34.306919],[-86.515701,34.306912],[-86.515494,34.306912],[-86.515426,34.306922],[-86.515383,34.306945],[-86.515329,34.306996],[-86.515303,34.307049],[-86.515304,34.3071]]}},{"type":"Feature","properties":{},"geometry":{"type":"LineString","coordinates":[[-86.515304,34.3071],[-86.515279,34.307633],[-86.515261,34.307954],[-86.515193,34.309993],[-86.515298,34.309996]]}},{"type":"Feature","properties":{},"geometry":{"type":"LineString","coordinates":[[-86.519727,34.306986],[-86.518959,34.306961],[-86.51892,34.306945],[-86.518889,34.306924],[-86.518867,34.3069]]}},{"type":"Feature","properties":{},"geometry":{"type":"LineString","coordinates":[[-86.510676,34.308443],[-86.510805,34.308429],[-86.510518,34.307389],[-86.510435,34.307063]]}},{"type":"Feature","properties":{},"geometry":{"type":"LineString","coordinates":[[-86.511236,34.310618],[-86.511361,34.310968],[-86.511575,34.311549],[-86.511787,34.312155],[-86.512,34.312753],[-86.51204,34.312905],[-86.512059,34.313035]]}},{"type":"Feature","properties":{},"geometry":{"type":"LineString","coordinates":[[-86.507927,34.311521],[-86.507543,34.311513],[-86.507493,34.311523],[-86.507455,34.311542],[-86.507434,34.311596],[-86.507415,34.312024],[-86.507391,34.312078],[-86.507342,34.312127],[-86.507281,34.312152],[-86.507184,34.312171],[-86.507139,34.312192],[-86.507117,34.312247],[-86.507122,34.312504],[-86.507124,34.312926],[-86.507103,34.313267]]}},{"type":"Feature","properties":{},"geometry":{"type":"LineString","coordinates":[[-86.501134,34.311115],[-86.501114,34.311419],[-86.501098,34.311789],[-86.501078,34.312691],[-86.50106,34.313081],[-86.501058,34.313926],[-86.501055,34.313995],[-86.501042,34.314017],[-86.501012,34.314049]]}},{"type":"Feature","properties":{},"geometry":{"type":"LineString","coordinates":[[-86.502244,34.312918],[-86.501593,34.312899],[-86.501321,34.312895],[-86.501181,34.312897],[-86.501069,34.312894]]}},{"type":"Feature","properties":{},"geometry":{"type":"LineString","coordinates":[[-86.497308,34.317578],[-86.497282,34.318183],[-86.497284,34.318339],[-86.497291,34.319341],[-86.497295,34.319354],[-86.497308,34.319375]]}},{"type":"Feature","properties":{},"geometry":{"type":"LineString","coordinates":[[-86.497295,34.319354],[-86.497048,34.319347],[-86.496103,34.319312],[-86.495898,34.319307]]}},{"type":"Feature","properties":{},"geometry":{"type":"LineString","coordinates":[[-86.496537,34.319328],[-86.496553,34.3191],[-86.496575,34.318652],[-86.496621,34.317861],[-86.496619,34.317708],[-86.496621,34.31757],[-86.496971,34.317579],[-86.497165,34.317581],[-86.497308,34.317578]]}},{"type":"Feature","properties":{},"geometry":{"type":"LineString","coordinates":[[-86.494189,34.326351],[-86.494271,34.326372],[-86.494324,34.326376],[-86.49438,34.326366],[-86.494424,34.326332],[-86.494456,34.326285],[-86.494468,34.326249],[-86.494458,34.326215],[-86.494439,34.32618],[-86.494394,34.326157],[-86.494355,34.326152],[-86.49429,34.326156],[-86.494164,34.32619],[-86.494112,34.326201],[-86.493825,34.326217],[-86.492877,34.326216],[-86.492376,34.326196]]}},{"type":"Feature","properties":{},"geometry":{"type":"LineString","coordinates":[[-86.492396,34.325083],[-86.492402,34.325163],[-86.492398,34.325441],[-86.492359,34.326806],[-86.492348,34.327102],[-86.492342,34.327129],[-86.492323,34.327145],[-86.492298,34.327157],[-86.492284,34.327169],[-86.492273,34.3272],[-86.492273,34.327245]]}},{"type":"Feature","properties":{},"geometry":{"type":"LineString","coordinates":[[-86.484809,34.330579],[-86.484824,34.330539],[-86.48484,34.330512],[-86.484863,34.330485],[-86.484903,34.330455],[-86.48513,34.33032]]}},{"type":"Feature","properties":{},"geometry":{"type":"LineString","coordinates":[[-86.48133,34.336675],[-86.481347,34.336319],[-86.481353,34.336081],[-86.481351,34.335869],[-86.481358,34.335559],[-86.481362,34.334499],[-86.481371,34.333437],[-86.481377,34.333252],[-86.481378,34.332998],[-86.48137,34.332959],[-86.481354,34.332938]]}},{"type":"Feature","properties":{},"geometry":{"type":"LineString","coordinates":[[-86.474892,34.33446],[-86.474987,34.334671],[-86.475106,34.334984],[-86.475126,34.335025],[-86.475161,34.335086],[-86.475203,34.335122],[-86.475282,34.335145],[-86.47531,34.335149],[-86.476576,34.335105],[-86.476623,34.335109],[-86.476676,34.335126],[-86.476728,34.33515],[-86.476777,34.335167],[-86.476834,34.335174],[-86.476871,34.335165],[-86.476919,34.335135]]}},{"type":"Feature","properties":{},"geometry":{"type":"LineString","coordinates":[[-86.472406,34.335226],[-86.472472,34.33561],[-86.47249,34.335684],[-86.472501,34.33577],[-86.47251,34.336248],[-86.472504,34.33676],[-86.472489,34.337088],[-86.472489,34.337308],[-86.472481,34.338121],[-86.472485,34.339202],[-86.472467,34.340062],[-86.472463,34.34042],[-86.472457,34.340573],[-86.472445,34.340603],[-86.472406,34.340664],[-86.472364,34.340708],[-86.472291,34.340746],[-86.472031,34.340803],[-86.471915,34.340849],[-86.471828,34.3409],[-86.471797,34.340936],[-86.471748,34.341013],[-86.471727,34.34107],[-86.471716,34.341125],[-86.471711,34.341184],[-86.471695,34.342257],[-86.471677,34.342415],[-86.471626,34.342547],[-86.471609,34.342603],[-86.471611,34.342638],[-86.471636,34.342682],[-86.471679,34.342704],[-86.471724,34.342715],[-86.471771,34.342713],[-86.471824,34.342689],[-86.471838,34.342658],[-86.471845,34.342599],[-86.471835,34.342559],[-86.471778,34.342403],[-86.47178,34.34216]]}},{"type":"Feature","properties":{},"geometry":{"type":"LineString","coordinates":[[-86.472471,34.33989],[-86.472433,34.339881],[-86.472313,34.339877],[-86.472096,34.339876],[-86.472001,34.339881],[-86.471941,34.33989],[-86.471848,34.339916],[-86.471717,34.339947],[-86.47169,34.33994],[-86.471664,34.339917],[-86.471651,34.339888],[-86.471648,34.339849],[-86.471657,34.33982],[-86.471679,34.339791],[-86.471706,34.339775],[-86.471749,34.339771]]}},{"type":"Feature","properties":{},"geometry":{"type":"LineString","coordinates":[[-86.469596,34.33755],[-86.469403,34.337557],[-86.468892,34.337567],[-86.468884,34.337077]]}},{"type":"Feature","properties":{},"geometry":{"type":"LineString","coordinates":[[-86.468892,34.337567],[-86.468865,34.338777],[-86.468866,34.338928]]}},{"type":"Feature","properties":{},"geometry":{"type":"LineString","coordinates":[[-86.468884,34.337077],[-86.468881,34.336903],[-86.468852,34.336783],[-86.468704,34.336526]]}},{"type":"Feature","properties":{},"geometry":{"type":"LineString","coordinates":[[-86.469596,34.33755],[-86.469667,34.337573],[-86.469696,34.337602],[-86.469716,34.337635],[-86.46972,34.33766],[-86.46972,34.337709],[-86.46971,34.337728],[-86.46968,34.337763],[-86.469654,34.337782],[-86.469647,34.33781],[-86.469672,34.338373],[-86.469657,34.338645],[-86.469656,34.338739],[-86.469658,34.338824],[-86.469646,34.338869],[-86.469619,34.338893],[-86.469562,34.338909],[-86.469481,34.338919],[-86.469057,34.33892],[-86.468866,34.338928]]}},{"type":"Feature","properties":{},"geometry":{"type":"LineString","coordinates":[[-86.468078,34.339317],[-86.467967,34.339313],[-86.467476,34.339317],[-86.466382,34.339317],[-86.465939,34.339319],[-86.465776,34.339323],[-86.46568,34.339318],[-86.465605,34.339297],[-86.465383,34.339162]]}},{"type":"Feature","properties":{},"geometry":{"type":"LineString","coordinates":[[-86.468078,34.339317],[-86.468093,34.339351],[-86.468089,34.339402],[-86.468088,34.339881],[-86.468077,34.340434],[-86.468047,34.341591],[-86.468032,34.341948],[-86.468026,34.341983],[-86.468007,34.342011],[-86.467979,34.342029],[-86.467951,34.342038],[-86.467909,34.342041],[-86.467869,34.342029],[-86.467826,34.342004],[-86.467683,34.341907],[-86.467458,34.341719],[-86.46711,34.341408],[-86.466955,34.341258],[-86.466662,34.340963],[-86.466476,34.340744],[-86.466088,34.340199]]}},{"type":"Feature","properties":{},"geometry":{"type":"LineString","coordinates":[[-86.460944,34.345306],[-86.461709,34.345307],[-86.462123,34.345233],[-86.462576,34.345083],[-86.462908,34.344928],[-86.46339,34.344673],[-86.463497,34.344583],[-86.463559,34.344521],[-86.463616,34.34447],[-86.463579,34.344401],[-86.463517,34.344298],[-86.463363,34.344109],[-86.462993,34.3437],[-86.462797,34.343494]]}},{"type":"Feature","properties":{},"geometry":{"type":"LineString","coordinates":[[-86.446922,34.345083],[-86.447229,34.345438],[-86.447258,34.3455],[-86.447353,34.345722],[-86.447376,34.345784],[-86.447405,34.345839],[-86.447447,34.345901],[-86.447549,34.346031],[-86.447857,34.34636],[-86.44805,34.346552],[-86.448077,34.346587],[-86.448071,34.34661],[-86.448057,34.34665],[-86.448056,34.346703]]}},{"type":"Feature","properties":{},"geometry":{"type":"LineString","coordinates":[[-86.460173,34.353938],[-86.460512,34.35393],[-86.460659,34.353925],[-86.460886,34.353927],[-86.461206,34.353938],[-86.461932,34.353947],[-86.462265,34.353943],[-86.462482,34.353935],[-86.462663,34.353916],[-86.462804,34.353894],[-86.462905,34.353872],[-86.462956,34.353858],[-86.462995,34.353854],[-86.463056,34.353876]]}},{"type":"Feature","properties":{},"geometry":{"type":"LineString","coordinates":[[-86.463544,34.350946],[-86.463503,34.352043],[-86.463503,34.352289],[-86.4635,34.352664],[-86.463504,34.352951],[-86.463524,34.352998],[-86.463567,34.353023],[-86.463716,34.35308],[-86.463746,34.353041],[-86.46383,34.352946],[-86.4641,34.352672],[-86.46428,34.352513],[-86.464487,34.352349],[-86.464687,34.352221],[-86.464857,34.352118],[-86.465117,34.351974],[-86.465879,34.351574],[-86.466165,34.351431],[-86.466821,34.351087],[-86.467469,34.350755],[-86.467685,34.350635],[-86.467837,34.350537],[-86.467946,34.350459],[-86.468113,34.350316],[-86.468322,34.350126],[-86.468838,34.349648],[-86.469126,34.349389],[-86.469563,34.348987],[-86.469976,34.348599],[-86.470314,34.34829],[-86.470454,34.348157],[-86.470809,34.347824],[-86.471158,34.347507],[-86.471873,34.346889],[-86.472037,34.34674],[-86.472232,34.346577],[-86.472499,34.346363],[-86.472665,34.346245],[-86.472829,34.346138],[-86.473021,34.346024],[-86.473268,34.345894],[-86.473719,34.34568],[-86.474047,34.345531],[-86.474583,34.345278],[-86.475735,34.344738],[-86.476176,34.344516],[-86.476643,34.344291],[-86.47716,34.34405],[-86.477785,34.343762],[-86.478181,34.343575],[-86.47854,34.343402],[-86.478875,34.343237],[-86.479215,34.343101],[-86.479298,34.343074],[-86.479405,34.343051],[-86.479509,34.343032],[-86.479628,34.343019],[-86.479751,34.343017],[-86.480094,34.343016],[-86.480554,34.343035],[-86.480726,34.343045],[-86.48153,34.343084],[-86.48251,34.343124],[-86.482836,34.343127],[-86.483137,34.343123],[-86.483382,34.343126],[-86.483477,34.343129],[-86.483597,34.343123],[-86.483666,34.34311],[-86.483765,34.343102],[-86.48424,34.343102],[-86.484403,34.34311],[-86.484543,34.343133],[-86.484697,34.34318],[-86.484871,34.343265],[-86.485232,34.343452],[-86.4854,34.343558],[-86.485596,34.343708],[-86.485742,34.343824],[-86.485891,34.343917],[-86.485986,34.343971],[-86.486293,34.344119],[-86.486345,34.344141],[-86.486386,34.344149],[-86.486444,34.344148],[-86.48648,34.344144],[-86.486514,34.344126],[-86.486548,34.34409],[-86.486585,34.343976],[-86.486621,34.343892],[-86.486664,34.343833],[-86.486743,34.343758],[-86.486851,34.343685],[-86.486892,34.34366],[-86.486945,34.343643],[-86.486999,34.343641],[-86.487057,34.343642],[-86.487097,34.343651],[-86.487134,34.343669],[-86.487191,34.343713],[-86.487326,34.343855],[-86.487377,34.343863],[-86.487423,34.34386],[-86.487462,34.343846],[-86.487485,34.343827],[-86.487498,34.343794]]}},{"type":"Feature","properties":{},"geometry":{"type":"LineString","coordinates":[[-86.484448,34.341901],[-86.482647,34.341868],[-86.482268,34.341853],[-86.482201,34.341818],[-86.482126,34.341773],[-86.482071,34.341763],[-86.482011,34.341764]]}},{"type":"Feature","properties":{},"geometry":{"type":"LineString","coordinates":[[-86.470525,34.34522],[-86.470866,34.345785],[-86.471274,34.346428],[-86.47139,34.346593],[-86.471459,34.346666]]}},{"type":"Feature","properties":{},"geometry":{"type":"LineString","coordinates":[[-86.471516,34.346665],[-86.471291,34.346667],[-86.470553,34.346685],[-86.469921,34.346696],[-86.468101,34.346705],[-86.467457,34.346701],[-86.467195,34.346693]]}},{"type":"Feature","properties":{},"geometry":{"type":"LineString","coordinates":[[-86.471516,34.346665],[-86.471703,34.346664],[-86.471847,34.346669],[-86.471965,34.346664],[-86.471996,34.346668],[-86.472073,34.34671]]}},{"type":"Feature","properties":{},"geometry":{"type":"LineString","coordinates":[[-86.461315,34.361799],[-86.46132,34.361429],[-86.46133,34.36118],[-86.461335,34.361044]]}},{"type":"Feature","properties":{},"geometry":{"type":"LineString","coordinates":[[-86.463739,34.361132],[-86.463737,34.361295],[-86.463721,34.361602],[-86.463701,34.361863],[-86.463678,34.362101]]}},{"type":"Feature","properties":{},"geometry":{"type":"LineString","coordinates":[[-86.486114,34.3403],[-86.486284,34.340128],[-86.486505,34.339911],[-86.486776,34.339629],[-86.48692,34.339488],[-86.487362,34.339011],[-86.487722,34.338595],[-86.48798,34.338304],[-86.488358,34.337891],[-86.488568,34.337658],[-86.48895,34.337227],[-86.48926,34.336866],[-86.489383,34.336715],[-86.489498,34.336565],[-86.489536,34.336504],[-86.489578,34.336466],[-86.489612,34.336448],[-86.489641,34.336417]]}},{"type":"Feature","properties":{},"geometry":{"type":"LineString","coordinates":[[-86.487214,34.339169],[-86.487271,34.339186],[-86.487793,34.339477],[-86.488052,34.339614],[-86.488226,34.339699],[-86.488378,34.339758],[-86.488651,34.339847],[-86.488867,34.339915],[-86.489047,34.339983],[-86.489256,34.340055],[-86.489287,34.339987],[-86.489979,34.340217],[-86.4901,34.34025],[-86.490259,34.340279],[-86.490739,34.340341],[-86.490852,34.340357],[-86.490921,34.340381],[-86.490977,34.340444],[-86.491,34.340514],[-86.490974,34.340924],[-86.490938,34.341802],[-86.490933,34.341885],[-86.490911,34.342485]]}},{"type":"Feature","properties":{},"geometry":{"type":"LineString","coordinates":[[-86.490564,34.339479],[-86.490758,34.339573],[-86.490903,34.339639],[-86.490945,34.33967],[-86.490978,34.339708],[-86.490999,34.33974],[-86.49101,34.339778],[-86.491015,34.339833],[-86.490994,34.340316],[-86.49099,34.340374],[-86.490977,34.340444]]}},{"type":"Feature","properties":{},"geometry":{"type":"LineString","coordinates":[[-86.489256,34.340055],[-86.489215,34.34007],[-86.489143,34.340171],[-86.489051,34.340357]]}},{"type":"Feature","properties":{},"geometry":{"type":"LineString","coordinates":[[-86.489051,34.340357],[-86.488839,34.340792],[-86.488777,34.340912],[-86.488615,34.341252],[-86.488488,34.341514],[-86.488412,34.341663],[-86.488338,34.34183],[-86.48823,34.342039],[-86.488183,34.342141],[-86.488154,34.342242],[-86.488144,34.34235],[-86.488144,34.342459]]}},{"type":"Feature","properties":{},"geometry":{"type":"LineString","coordinates":[[-86.488423,34.341642],[-86.488014,34.341512],[-86.487566,34.341365],[-86.487164,34.34123],[-86.486538,34.341014],[-86.486474,34.341109],[-86.486474,34.341352],[-86.486472,34.341497]]}},{"type":"Feature","properties":{},"geometry":{"type":"LineString","coordinates":[[-86.486475,34.3411],[-86.486324,34.340986],[-86.486061,34.340809],[-86.485953,34.340735]]}},{"type":"Feature","properties":{},"geometry":{"type":"LineString","coordinates":[[-86.486472,34.341497],[-86.486471,34.341792],[-86.486467,34.341963],[-86.486466,34.342232],[-86.486469,34.342338],[-86.486474,34.342372],[-86.486487,34.342402],[-86.486508,34.34243],[-86.486542,34.342457],[-86.486574,34.342475],[-86.486622,34.342487],[-86.486682,34.342492],[-86.486803,34.342496],[-86.487468,34.342508],[-86.4888,34.342537],[-86.489813,34.34254],[-86.490176,34.342539],[-86.490725,34.34253],[-86.491011,34.342528],[-86.491423,34.342529],[-86.491619,34.342528],[-86.493031,34.342571],[-86.49335,34.342573],[-86.494385,34.342584],[-86.495197,34.342589],[-86.49591,34.342598],[-86.496905,34.342616],[-86.496981,34.342615],[-86.497035,34.342609],[-86.497072,34.3426],[-86.497098,34.342577],[-86.497111,34.342556],[-86.497117,34.34253],[-86.497118,34.34245],[-86.497128,34.342174],[-86.497131,34.341978],[-86.497135,34.341329]]}},{"type":"Feature","properties":{},"geometry":{"type":"LineString","coordinates":[[-86.498434,34.343187],[-86.498091,34.343169],[-86.497654,34.343154],[-86.49728,34.343154],[-86.497228,34.343151],[-86.497182,34.343138],[-86.497156,34.343115],[-86.497123,34.343076],[-86.497112,34.343024],[-86.497108,34.342963],[-86.497105,34.342825],[-86.497102,34.342753],[-86.497088,34.342726],[-86.497061,34.342705],[-86.497054,34.342666],[-86.497054,34.342604]]}},{"type":"Feature","properties":{},"geometry":{"type":"LineString","coordinates":[[-86.498434,34.343187],[-86.498412,34.342951],[-86.498405,34.342696],[-86.498376,34.342409],[-86.498364,34.342214],[-86.498359,34.341619],[-86.498384,34.340962],[-86.498395,34.339212],[-86.498392,34.338615],[-86.498392,34.33815],[-86.498405,34.337773],[-86.498468,34.337715]]}},{"type":"Feature","properties":{},"geometry":{"type":"LineString","coordinates":[[-86.497135,34.340522],[-86.497141,34.340101],[-86.49714,34.339898],[-86.497147,34.33932],[-86.497153,34.33906],[-86.497161,34.338475],[-86.497168,34.337782],[-86.497152,34.337701],[-86.497131,34.337658],[-86.497088,34.337627]]}},{"type":"Feature","properties":{},"geometry":{"type":"LineString","coordinates":[[-86.496002,34.337648],[-86.495977,34.337696],[-86.495962,34.337956],[-86.495958,34.338607],[-86.495959,34.339117]]}},{"type":"Feature","properties":{},"geometry":{"type":"LineString","coordinates":[[-86.494619,34.337722],[-86.494602,34.338432],[-86.494547,34.340112],[-86.494525,34.341521],[-86.494489,34.342358],[-86.494478,34.342516],[-86.494455,34.342554],[-86.494432,34.342571],[-86.494431,34.342584]]}},{"type":"Feature","properties":{},"geometry":{"type":"LineString","coordinates":[[-86.493337,34.337727],[-86.493331,34.337894],[-86.49332,34.3385],[-86.493316,34.338856],[-86.493286,34.340447],[-86.493274,34.341622],[-86.493265,34.342188],[-86.493265,34.342464],[-86.493272,34.342506],[-86.493296,34.342537],[-86.493315,34.342553],[-86.493321,34.342573]]}},{"type":"Feature","properties":{},"geometry":{"type":"LineString","coordinates":[[-86.492184,34.33753],[-86.492017,34.337822],[-86.491875,34.338062],[-86.491827,34.338139],[-86.491765,34.33821],[-86.49171,34.338252],[-86.491582,34.3383],[-86.491522,34.338315],[-86.491464,34.338311],[-86.491365,34.338294],[-86.49127,34.338264],[-86.491144,34.338202],[-86.491049,34.338161],[-86.490981,34.338129],[-86.490902,34.338112],[-86.490832,34.338107],[-86.490764,34.338093],[-86.49071,34.338055],[-86.49069,34.33802],[-86.490675,34.337965],[-86.490701,34.33792],[-86.490746,34.33788],[-86.490789,34.337867],[-86.490824,34.33786],[-86.490883,34.337867],[-86.490913,34.337884],[-86.490942,34.337915]]}},{"type":"Feature","properties":{},"geometry":{"type":"LineString","coordinates":[[-86.489641,34.336417],[-86.489945,34.336562],[-86.490725,34.336914],[-86.491169,34.337109],[-86.49155,34.337282],[-86.491829,34.337403],[-86.491999,34.337462],[-86.492184,34.33753],[-86.492302,34.337555],[-86.492583,34.337621],[-86.492888,34.337663],[-86.493151,34.337685],[-86.493322,34.337695],[-86.493444,34.337691],[-86.494549,34.33768],[-86.494885,34.337667],[-86.495645,34.337651],[-86.496098,34.337647],[-86.497067,34.337627],[-86.497281,34.337625],[-86.49768,34.337639],[-86.498104,34.337675],[-86.498278,34.337698],[-86.49858,34.337725],[-86.499004,34.337765],[-86.499437,34.337793],[-86.500229,34.337819],[-86.500278,34.337825],[-86.500294,34.337841],[-86.500304,34.337863],[-86.500309,34.337905],[-86.500316,34.338726],[-86.500321,34.338882],[-86.500328,34.338981],[-86.500361,34.339055],[-86.500388,34.3391],[-86.500458,34.339176],[-86.500498,34.339211],[-86.500542,34.339242],[-86.500571,34.339259]]}},{"type":"Feature","properties":{},"geometry":{"type":"LineString","coordinates":[[-86.503538,34.345434],[-86.503532,34.34578],[-86.503547,34.34631],[-86.503555,34.346391],[-86.503541,34.346442],[-86.50352,34.346463],[-86.503478,34.346478],[-86.503408,34.346483],[-86.502614,34.346493],[-86.502552,34.346492],[-86.502485,34.346483],[-86.502395,34.346463],[-86.502176,34.346411],[-86.501994,34.346371],[-86.501922,34.346369],[-86.501796,34.346359],[-86.501762,34.346346],[-86.50174,34.346329],[-86.501721,34.346304],[-86.501706,34.346252],[-86.5017,34.34617],[-86.501671,34.346003],[-86.50161,34.345721],[-86.501575,34.345577],[-86.501553,34.345522],[-86.501519,34.345487],[-86.501473,34.345465],[-86.501395,34.345447],[-86.501325,34.345438],[-86.501159,34.345437],[-86.500377,34.345416],[-86.499644,34.345394],[-86.499534,34.345398],[-86.499451,34.345418],[-86.499418,34.345444],[-86.499404,34.345491],[-86.499403,34.345529],[-86.499418,34.34557],[-86.499414,34.345782],[-86.4994,34.345999],[-86.499395,34.346191],[-86.499392,34.346264],[-86.499401,34.346323],[-86.499418,34.346354],[-86.499446,34.346373],[-86.499509,34.346394],[-86.499581,34.346402],[-86.499726,34.346391],[-86.500782,34.346428],[-86.501626,34.346448]]}},{"type":"Feature","properties":{},"geometry":{"type":"LineString","coordinates":[[-86.501626,34.346448],[-86.501695,34.346449],[-86.50174,34.346453],[-86.50174,34.346329]]}},{"type":"Feature","properties":{},"geometry":{"type":"LineString","coordinates":[[-86.502414,34.350473],[-86.502362,34.352024],[-86.502345,34.352747],[-86.502324,34.353909],[-86.502349,34.353958],[-86.502381,34.353997],[-86.502407,34.354032],[-86.50242,34.354082],[-86.502414,34.354111],[-86.502399,34.354141],[-86.502377,34.35416],[-86.50234,34.354173],[-86.502282,34.354181],[-86.502233,34.354181],[-86.502197,34.354175],[-86.50216,34.354163],[-86.502134,34.354136],[-86.502123,34.35409],[-86.502133,34.354057]]}},{"type":"Feature","properties":{},"geometry":{"type":"LineString","coordinates":[[-86.501932,34.350465],[-86.501906,34.350431],[-86.50189,34.350368],[-86.501895,34.349923],[-86.50189,34.349055],[-86.501899,34.348401],[-86.501913,34.348125],[-86.501912,34.348034],[-86.501905,34.347927],[-86.501893,34.347841],[-86.501862,34.347775],[-86.501813,34.347724],[-86.501741,34.347668],[-86.501658,34.347627],[-86.501582,34.347608],[-86.501484,34.34759],[-86.501362,34.347583],[-86.499826,34.347552],[-86.499728,34.347562],[-86.499655,34.347582],[-86.499628,34.347604],[-86.499579,34.347657],[-86.499558,34.347691],[-86.499537,34.347745],[-86.499497,34.347943],[-86.499452,34.348315],[-86.499436,34.348619],[-86.499448,34.348674],[-86.499486,34.348745],[-86.499524,34.3488],[-86.49959,34.348866],[-86.499651,34.348922],[-86.499712,34.348962],[-86.499776,34.34899],[-86.499838,34.34901],[-86.499932,34.349017],[-86.500026,34.349017],[-86.500239,34.349013],[-86.500722,34.348997],[-86.501369,34.348968],[-86.501647,34.34895],[-86.501889,34.348939]]}},{"type":"Feature","properties":{},"geometry":{"type":"LineString","coordinates":[[-86.500976,34.350447],[-86.50098,34.350703],[-86.500926,34.352333],[-86.500918,34.352698],[-86.5009,34.353286],[-86.500894,34.353376],[-86.500867,34.353464],[-86.500828,34.353546],[-86.50077,34.353616],[-86.500695,34.353697],[-86.500602,34.353762],[-86.500502,34.353806],[-86.500292,34.353835],[-86.500023,34.353849],[-86.499659,34.353838],[-86.499515,34.353785],[-86.499425,34.353719],[-86.499341,34.35362],[-86.499332,34.353539],[-86.499368,34.352882],[-86.499448,34.350933],[-86.499457,34.350553],[-86.499456,34.350432]]}},{"type":"Feature","properties":{},"geometry":{"type":"LineString","coordinates":[[-86.498556,34.354612],[-86.498946,34.354249],[-86.499066,34.354119],[-86.49915,34.354047],[-86.499222,34.353999],[-86.499344,34.353962],[-86.499489,34.353912],[-86.499583,34.353877],[-86.499702,34.35384]]}},{"type":"Feature","properties":{},"geometry":{"type":"LineString","coordinates":[[-86.497205,34.350369],[-86.497188,34.350958],[-86.497173,34.351354],[-86.49713,34.351459],[-86.497104,34.351501],[-86.497086,34.351534],[-86.497078,34.351567],[-86.497084,34.351599],[-86.497106,34.351622],[-86.497821,34.351991],[-86.497864,34.352021],[-86.49792,34.352083],[-86.497948,34.352129],[-86.497974,34.352195],[-86.497983,34.352253],[-86.497984,34.352387],[-86.497944,34.353277],[-86.497933,34.353339],[-86.497883,34.353421],[-86.497844,34.353457],[-86.497802,34.353487],[-86.497745,34.353518],[-86.497692,34.353537],[-86.497641,34.353551],[-86.497593,34.353554],[-86.497442,34.353553],[-86.496928,34.353545],[-86.496566,34.353537],[-86.496514,34.353523],[-86.496443,34.353498],[-86.496396,34.353472],[-86.496328,34.353422],[-86.496115,34.353256],[-86.495747,34.352961],[-86.495645,34.352872],[-86.495573,34.352816]]}},{"type":"Feature","properties":{},"geometry":{"type":"LineString","coordinates":[[-86.49708,34.351577],[-86.496944,34.351672],[-86.496883,34.351712],[-86.496261,34.352244],[-86.495895,34.35256],[-86.495676,34.352756],[-86.495573,34.352816],[-86.495496,34.352844],[-86.495287,34.352961],[-86.495188,34.35302],[-86.495167,34.35306],[-86.495137,34.353147],[-86.495094,34.35318],[-86.495046,34.353193],[-86.494986,34.353193],[-86.494922,34.353174],[-86.494897,34.353147],[-86.49487,34.353104]]}},{"type":"Feature","properties":{},"geometry":{"type":"LineString","coordinates":[[-86.49615,34.350305],[-86.496173,34.351008],[-86.496085,34.351248],[-86.496004,34.351463]]}},{"type":"Feature","properties":{},"geometry":{"type":"LineString","coordinates":[[-86.494369,34.350321],[-86.494348,34.351272],[-86.49432,34.352145],[-86.494297,34.352842]]}},{"type":"Feature","properties":{},"geometry":{"type":"LineString","coordinates":[[-86.492677,34.350304],[-86.492573,34.350275],[-86.492384,34.3502],[-86.492199,34.350096],[-86.492073,34.350004],[-86.491726,34.349641],[-86.491624,34.34955],[-86.491521,34.349477],[-86.491216,34.349284],[-86.490828,34.349056],[-86.489506,34.348242],[-86.489029,34.347954],[-86.48883,34.347847],[-86.488557,34.34772],[-86.488316,34.347623],[-86.488003,34.347521],[-86.48735,34.34732],[-86.487089,34.347261],[-86.487013,34.34725],[-86.486864,34.347242],[-86.486669,34.347246],[-86.48617,34.347311],[-86.485908,34.347349],[-86.485683,34.347373],[-86.485569,34.347381],[-86.48543,34.347382],[-86.485312,34.347373],[-86.485196,34.347354],[-86.485097,34.34733],[-86.485038,34.347311]]}},{"type":"Feature","properties":{},"geometry":{"type":"LineString","coordinates":[[-86.489228,34.348075],[-86.489235,34.347826],[-86.48925,34.347433],[-86.489277,34.347358],[-86.489331,34.347255],[-86.489352,34.347189],[-86.489337,34.347155],[-86.48931,34.347125],[-86.489272,34.347101],[-86.489238,34.347085],[-86.489169,34.34708],[-86.489118,34.347092],[-86.489064,34.347119],[-86.489027,34.347161],[-86.489017,34.347197],[-86.489025,34.347236],[-86.489036,34.347267],[-86.489057,34.347294]]}},{"type":"Feature","properties":{},"geometry":{"type":"LineString","coordinates":[[-86.484279,34.346827],[-86.484451,34.347028],[-86.48454,34.347115],[-86.484565,34.347149],[-86.484587,34.347222],[-86.484668,34.347603],[-86.484703,34.34783],[-86.484721,34.347996],[-86.484718,34.348076],[-86.484709,34.348145],[-86.484634,34.34844],[-86.484527,34.348746],[-86.484461,34.34896],[-86.484436,34.349109],[-86.484429,34.349257],[-86.484431,34.349339],[-86.484436,34.349412],[-86.484448,34.349487],[-86.484456,34.349553],[-86.48452,34.349823],[-86.484549,34.349908],[-86.484605,34.350093],[-86.484654,34.350218],[-86.484664,34.350262],[-86.484665,34.350409],[-86.484656,34.350494],[-86.48462,34.350592],[-86.484429,34.350924]]}},{"type":"Feature","properties":{},"geometry":{"type":"LineString","coordinates":[[-86.484664,34.350273],[-86.484801,34.350305],[-86.484964,34.350352],[-86.485158,34.35043],[-86.485225,34.350477],[-86.485277,34.350523],[-86.485314,34.350568],[-86.485344,34.350612],[-86.485368,34.350652],[-86.485428,34.35084],[-86.485448,34.351041],[-86.485446,34.351102],[-86.485403,34.351986],[-86.485394,34.352531],[-86.485376,34.35282],[-86.485372,34.353425],[-86.485364,34.353626],[-86.485354,34.353865],[-86.48532,34.354228]]}},{"type":"Feature","properties":{},"geometry":{"type":"LineString","coordinates":[[-86.48307,34.350204],[-86.483074,34.349892],[-86.483086,34.349583],[-86.483113,34.349344],[-86.483146,34.34911],[-86.483164,34.349014],[-86.483177,34.348978],[-86.483199,34.348948],[-86.483241,34.348902],[-86.483276,34.348874],[-86.483355,34.348844],[-86.483416,34.34884],[-86.483491,34.34884],[-86.483741,34.34885],[-86.483955,34.348862],[-86.484109,34.348869],[-86.484338,34.348858],[-86.484393,34.348846],[-86.484441,34.348825],[-86.48448,34.348798],[-86.484501,34.348772],[-86.484519,34.348772]]}},{"type":"Feature","properties":{},"geometry":{"type":"LineString","coordinates":[[-86.484279,34.346827],[-86.484066,34.346524],[-86.483825,34.346197],[-86.483117,34.345378],[-86.482869,34.345099],[-86.482731,34.344947],[-86.482548,34.344754],[-86.482451,34.344733]]}},{"type":"Feature","properties":{},"geometry":{"type":"LineString","coordinates":[[-86.505932,34.342912],[-86.505805,34.342669],[-86.505662,34.34242],[-86.505454,34.342095],[-86.505333,34.34191],[-86.505294,34.341881],[-86.505242,34.341855]]}},{"type":"Feature","properties":{},"geometry":{"type":"LineString","coordinates":[[-86.507584,34.350731],[-86.507477,34.350733],[-86.507448,34.350705],[-86.507402,34.350671],[-86.507249,34.350648],[-86.507059,34.350633],[-86.506321,34.35061],[-86.505422,34.35059],[-86.504712,34.350578]]}},{"type":"Feature","properties":{},"geometry":{"type":"LineString","coordinates":[[-86.509863,34.352844],[-86.509875,34.353152],[-86.509869,34.353311],[-86.50984,34.353507],[-86.509787,34.353816],[-86.509754,34.353975]]}},{"type":"Feature","properties":{},"geometry":{"type":"LineString","coordinates":[[-86.511753,34.355227],[-86.511229,34.355322],[-86.510876,34.355402],[-86.510477,34.355509],[-86.510191,34.355595],[-86.510117,34.355622]]}},{"type":"Feature","properties":{},"geometry":{"type":"LineString","coordinates":[[-86.51239,34.35861],[-86.511317,34.358216],[-86.511228,34.358161],[-86.511174,34.358098],[-86.51113,34.358018],[-86.511022,34.357854],[-86.510947,34.357783],[-86.510814,34.357693],[-86.510529,34.357521],[-86.510301,34.357375],[-86.51021,34.35733],[-86.510103,34.357291],[-86.509978,34.357252],[-86.50973,34.357197],[-86.509633,34.357145],[-86.509562,34.357085],[-86.509527,34.357033],[-86.509488,34.356931],[-86.509452,34.356716],[-86.509439,34.356604],[-86.509448,34.356472],[-86.509484,34.35632],[-86.509542,34.356128],[-86.509574,34.356005],[-86.509557,34.355942],[-86.509547,34.355858],[-86.50955,34.355824]]}},{"type":"Feature","properties":{},"geometry":{"type":"LineString","coordinates":[[-86.49603,34.329847],[-86.49601,34.330635],[-86.495911,34.330623],[-86.495798,34.330651]]}},{"type":"Feature","properties":{},"geometry":{"type":"LineString","coordinates":[[-86.498954,34.334291],[-86.497955,34.334281],[-86.497593,34.334283],[-86.496777,34.33427],[-86.496594,34.334253],[-86.496382,34.33424],[-86.49636,34.334167],[-86.496359,34.333979],[-86.496374,34.333742],[-86.496388,34.333625]]}},{"type":"Feature","properties":{},"geometry":{"type":"LineString","coordinates":[[-86.502584,34.335963],[-86.502598,34.336132],[-86.502652,34.336445],[-86.502706,34.336676],[-86.502294,34.336751],[-86.502621,34.33754],[-86.50268,34.337753]]}},{"type":"Feature","properties":{},"geometry":{"type":"LineString","coordinates":[[-86.502679,34.333263],[-86.501812,34.333533],[-86.500874,34.33383],[-86.500265,34.334018],[-86.500156,34.334023]]}},{"type":"Feature","properties":{},"geometry":{"type":"LineString","coordinates":[[-86.50312,34.337698],[-86.50217,34.337816],[-86.501772,34.337861],[-86.501713,34.337902],[-86.501666,34.337931]]}},{"type":"Feature","properties":{},"geometry":{"type":"LineString","coordinates":[[-86.49921,34.331912],[-86.499372,34.331877]]}},{"type":"Feature","properties":{},"geometry":{"type":"LineString","coordinates":[[-86.502865,34.328952],[-86.502805,34.326797],[-86.502795,34.326201],[-86.502771,34.326185],[-86.502696,34.326187],[-86.501937,34.326249],[-86.501491,34.326277],[-86.501124,34.326292],[-86.500919,34.326312]]}},{"type":"Feature","properties":{},"geometry":{"type":"LineString","coordinates":[[-86.501075,34.326297],[-86.501057,34.326334],[-86.501058,34.326418],[-86.501081,34.326769]]}},{"type":"Feature","properties":{},"geometry":{"type":"LineString","coordinates":[[-86.501078,34.328268],[-86.501094,34.327333],[-86.501085,34.326865],[-86.501081,34.326769]]}},{"type":"Feature","properties":{},"geometry":{"type":"LineString","coordinates":[[-86.500953,34.325075],[-86.501329,34.325074],[-86.501848,34.325085],[-86.501846,34.325021],[-86.502303,34.32502],[-86.50279,34.325022],[-86.502813,34.324994],[-86.50282,34.324936],[-86.502821,34.32445],[-86.502841,34.323176]]}},{"type":"Feature","properties":{},"geometry":{"type":"LineString","coordinates":[[-86.500989,34.322702],[-86.501286,34.322694],[-86.502102,34.322711],[-86.502516,34.322728],[-86.502745,34.322748]]}},{"type":"Feature","properties":{},"geometry":{"type":"LineString","coordinates":[[-86.503337,34.324888],[-86.503346,34.323817],[-86.503351,34.323736],[-86.503428,34.323714],[-86.504305,34.323734]]}},{"type":"Feature","properties":{},"geometry":{"type":"LineString","coordinates":[[-86.503462,34.330719],[-86.503317,34.327552],[-86.503312,34.326596],[-86.503344,34.32518]]}},{"type":"Feature","properties":{},"geometry":{"type":"LineString","coordinates":[[-86.503462,34.330719],[-86.503553,34.332946],[-86.50357,34.333162],[-86.503791,34.333092],[-86.504429,34.332905],[-86.505381,34.332612],[-86.505942,34.332431]]}},{"type":"Feature","properties":{},"geometry":{"type":"LineString","coordinates":[[-86.50893,34.336325],[-86.50895,34.336289],[-86.508964,34.336224],[-86.508982,34.335853],[-86.508991,34.33544],[-86.509034,34.33389],[-86.509065,34.333168],[-86.509067,34.332984],[-86.509077,34.332598],[-86.509072,34.332546],[-86.509058,34.332522],[-86.509026,34.332498],[-86.508973,34.332485],[-86.508558,34.332493],[-86.508225,34.332493],[-86.508105,34.332501],[-86.508042,34.332516],[-86.508019,34.33255],[-86.507995,34.332595],[-86.50798,34.33266],[-86.507977,34.332726],[-86.50795,34.333755],[-86.507921,34.334706],[-86.507921,34.334895],[-86.507899,34.33563],[-86.507884,34.336332],[-86.507884,34.336446],[-86.507909,34.336511],[-86.507975,34.336554]]}},{"type":"Feature","properties":{},"geometry":{"type":"LineString","coordinates":[[-86.506304,34.337098],[-86.506333,34.33703],[-86.506333,34.336715],[-86.506342,34.336253],[-86.506342,34.336175],[-86.506328,34.336135],[-86.506288,34.336093],[-86.506273,34.336057],[-86.50627,34.336015],[-86.506275,34.335976],[-86.506297,34.335953],[-86.506344,34.335924],[-86.506393,34.335914],[-86.506466,34.335922],[-86.506511,34.335946],[-86.50654,34.335991],[-86.506549,34.336033],[-86.506544,34.33607],[-86.506529,34.336097]]}},{"type":"Feature","properties":{},"geometry":{"type":"LineString","coordinates":[[-86.502944,34.316983],[-86.503355,34.317012],[-86.503371,34.316487],[-86.503508,34.316004],[-86.503739,34.315302]]}},{"type":"Feature","properties":{},"geometry":{"type":"LineString","coordinates":[[-86.502944,34.316983],[-86.502923,34.316965],[-86.502911,34.316925],[-86.50291,34.316761],[-86.502914,34.316594],[-86.502911,34.31648],[-86.502886,34.316278],[-86.502827,34.31614],[-86.502743,34.316077],[-86.502685,34.316051],[-86.502621,34.31604],[-86.502544,34.316038],[-86.502527,34.316044]]}},{"type":"Feature","properties":{},"geometry":{"type":"LineString","coordinates":[[-86.507605,34.313932],[-86.507462,34.313976],[-86.507384,34.314044],[-86.507377,34.314221],[-86.506964,34.31425],[-86.506413,34.314315],[-86.505723,34.314453],[-86.505434,34.314521],[-86.504046,34.314867],[-86.503917,34.314924],[-86.503842,34.315025],[-86.50377,34.315198],[-86.503739,34.315302]]}},{"type":"Feature","properties":{},"geometry":{"type":"LineString","coordinates":[[-86.507177,34.31491],[-86.507158,34.315727],[-86.507156,34.315933]]}},{"type":"Feature","properties":{},"geometry":{"type":"LineString","coordinates":[[-86.507177,34.31491],[-86.507946,34.314936]]}},{"type":"Feature","properties":{},"geometry":{"type":"LineString","coordinates":[[-86.50843,34.314356],[-86.508412,34.315264],[-86.508417,34.31585],[-86.508348,34.318831],[-86.508358,34.319144]]}},{"type":"Feature","properties":{},"geometry":{"type":"LineString","coordinates":[[-86.508251,34.321442],[-86.508292,34.321576],[-86.508305,34.321789],[-86.508275,34.323223],[-86.508265,34.323638],[-86.508246,34.324987],[-86.508227,34.325607],[-86.508227,34.325873],[-86.508242,34.3259],[-86.508265,34.325915],[-86.50826,34.325993]]}},{"type":"Feature","properties":{},"geometry":{"type":"LineString","coordinates":[[-86.50801,34.325975],[-86.508098,34.326048],[-86.508114,34.326102],[-86.508123,34.326161],[-86.508098,34.32713],[-86.508069,34.328548],[-86.508076,34.328642],[-86.508092,34.328669],[-86.508128,34.328707],[-86.508165,34.328742],[-86.50822,34.328766],[-86.508334,34.328774],[-86.508781,34.328762],[-86.508929,34.328762],[-86.508973,34.328753],[-86.508992,34.328725],[-86.508995,34.328695],[-86.508997,34.328627],[-86.508997,34.328122],[-86.509001,34.328052],[-86.508993,34.327991],[-86.508966,34.327948],[-86.508925,34.327917],[-86.508834,34.327884],[-86.508764,34.327892],[-86.508502,34.327895],[-86.508288,34.327895],[-86.508084,34.327892]]}},{"type":"Feature","properties":{},"geometry":{"type":"LineString","coordinates":[[-86.509358,34.327107],[-86.50935,34.327154],[-86.509329,34.32718],[-86.509273,34.327211],[-86.509197,34.327216],[-86.509122,34.327203],[-86.509077,34.327182],[-86.50904,34.327167],[-86.508989,34.327161],[-86.508212,34.327155],[-86.508097,34.327156]]}},{"type":"Feature","properties":{},"geometry":{"type":"LineString","coordinates":[[-86.508346,34.320498],[-86.508688,34.320538],[-86.508909,34.320559],[-86.509064,34.320555],[-86.509195,34.320532],[-86.509275,34.320498],[-86.509388,34.320429],[-86.509624,34.320294],[-86.509834,34.320243],[-86.509927,34.320234],[-86.510141,34.320239],[-86.510855,34.320266],[-86.511681,34.320291],[-86.512125,34.320298],[-86.512554,34.320313],[-86.512633,34.320311],[-86.512763,34.320312]]}},{"type":"Feature","properties":{},"geometry":{"type":"LineString","coordinates":[[-86.511162,34.319213],[-86.512225,34.319239],[-86.512668,34.319245],[-86.512801,34.319246]]}},{"type":"Feature","properties":{},"geometry":{"type":"LineString","coordinates":[[-86.5106,34.317844],[-86.51139,34.317858],[-86.512001,34.317866],[-86.512669,34.317878],[-86.512828,34.317878]]}},{"type":"Feature","properties":{},"geometry":{"type":"LineString","coordinates":[[-86.513983,34.316987],[-86.513086,34.316972],[-86.512908,34.316966],[-86.512856,34.316974]]}},{"type":"Feature","properties":{},"geometry":{"type":"LineString","coordinates":[[-86.5135,34.320352],[-86.512874,34.320346],[-86.512763,34.320338]]}},{"type":"Feature","properties":{},"geometry":{"type":"LineString","coordinates":[[-86.51396,34.320357],[-86.514544,34.320361],[-86.514822,34.320362],[-86.514963,34.320359]]}},{"type":"Feature","properties":{},"geometry":{"type":"LineString","coordinates":[[-86.511082,34.315374],[-86.51115,34.31554],[-86.511205,34.315609],[-86.511301,34.315682],[-86.511381,34.315704],[-86.511473,34.315713],[-86.511768,34.315721],[-86.511964,34.315732],[-86.512105,34.315743],[-86.51245,34.315756],[-86.512724,34.315772],[-86.512883,34.315777]]}},{"type":"Feature","properties":{},"geometry":{"type":"LineString","coordinates":[[-86.519197,34.322068],[-86.517842,34.322039],[-86.5172,34.322027],[-86.517132,34.322012]]}},{"type":"Feature","properties":{},"geometry":{"type":"LineString","coordinates":[[-86.520788,34.322103],[-86.520862,34.322111],[-86.520935,34.322135],[-86.521002,34.322185],[-86.521037,34.322239],[-86.521065,34.322334],[-86.521061,34.322415],[-86.521043,34.322475],[-86.520981,34.322576],[-86.520896,34.322644],[-86.52077,34.32272],[-86.520726,34.322734],[-86.520524,34.322787],[-86.519985,34.32294],[-86.519722,34.323022],[-86.519388,34.323171],[-86.519206,34.323241],[-86.519113,34.323275],[-86.519042,34.323291],[-86.518957,34.323302],[-86.518868,34.323299],[-86.518776,34.32329],[-86.518603,34.323212],[-86.518537,34.323165],[-86.518488,34.323124],[-86.518367,34.323045],[-86.518208,34.322984],[-86.518115,34.322973],[-86.518,34.322964],[-86.517186,34.322951],[-86.517105,34.322958]]}},{"type":"Feature","properties":{},"geometry":{"type":"LineString","coordinates":[[-86.520636,34.323344],[-86.520714,34.323323],[-86.520787,34.323285],[-86.520829,34.323239],[-86.520853,34.323183],[-86.520863,34.323123],[-86.520824,34.322994],[-86.520754,34.322789],[-86.520726,34.322734]]}},{"type":"Feature","properties":{},"geometry":{"type":"LineString","coordinates":[[-86.519816,34.322993],[-86.519905,34.323186],[-86.519972,34.323316],[-86.520036,34.323381],[-86.520098,34.323421],[-86.520186,34.323446],[-86.520283,34.323443],[-86.520346,34.323426]]}},{"type":"Feature","properties":{},"geometry":{"type":"LineString","coordinates":[[-86.522293,34.325246],[-86.521786,34.325317],[-86.521553,34.325344],[-86.521184,34.325374],[-86.52081,34.325397],[-86.519484,34.32544],[-86.518975,34.325452],[-86.518575,34.325468],[-86.517373,34.325561],[-86.516954,34.325599],[-86.516882,34.325604]]}},{"type":"Feature","properties":{},"geometry":{"type":"LineString","coordinates":[[-86.520409,34.324453],[-86.520297,34.324465],[-86.519995,34.324463],[-86.519738,34.324451],[-86.519508,34.324449],[-86.51937,34.324458],[-86.519376,34.324507],[-86.519362,34.325051],[-86.519342,34.325444]]}},{"type":"Feature","properties":{},"geometry":{"type":"LineString","coordinates":[[-86.522647,34.323738],[-86.522638,34.323688],[-86.522603,34.323633],[-86.522516,34.323603],[-86.522422,34.3236],[-86.522348,34.323621],[-86.522282,34.323672],[-86.522258,34.323749],[-86.522286,34.323877],[-86.522261,34.323916],[-86.522126,34.324106],[-86.522079,34.324216],[-86.522043,34.324367],[-86.522041,34.324446],[-86.522054,34.324526],[-86.522081,34.324612],[-86.522148,34.324789],[-86.52224,34.32505],[-86.522259,34.325129],[-86.522293,34.325246]]}},{"type":"Feature","properties":{},"geometry":{"type":"LineString","coordinates":[[-86.513226,34.334745],[-86.513152,34.334719],[-86.513099,34.334669],[-86.512599,34.334665],[-86.512412,34.334671]]}},{"type":"Feature","properties":{},"geometry":{"type":"LineString","coordinates":[[-86.512386,34.335629],[-86.513447,34.335635],[-86.513902,34.335634],[-86.513987,34.335622],[-86.514058,34.335582],[-86.514085,34.335525],[-86.514103,34.335429],[-86.514099,34.335179],[-86.514114,34.33512],[-86.514158,34.33506],[-86.51418,34.335015],[-86.514182,34.33495],[-86.514159,34.334912],[-86.514106,34.33488],[-86.514027,34.334869]]}},{"type":"Feature","properties":{},"geometry":{"type":"LineString","coordinates":[[-86.515175,34.33369],[-86.513866,34.333703],[-86.513071,34.333699],[-86.512433,34.333698]]}},{"type":"Feature","properties":{},"geometry":{"type":"LineString","coordinates":[[-86.515175,34.333673],[-86.515178,34.333806],[-86.516621,34.333806],[-86.516676,34.333827],[-86.516728,34.333855],[-86.516797,34.33387],[-86.516849,34.333861],[-86.516879,34.333841],[-86.516912,34.333811],[-86.51693,34.333773],[-86.516928,34.333741]]}},{"type":"Feature","properties":{},"geometry":{"type":"LineString","coordinates":[[-86.516197,34.333805],[-86.516201,34.333568],[-86.516213,34.33324],[-86.516223,34.333055],[-86.516242,34.333003],[-86.516278,34.332966],[-86.516347,34.332937],[-86.516421,34.332926],[-86.516518,34.33293],[-86.516699,34.332931],[-86.516746,34.332913],[-86.516782,34.332891],[-86.516845,34.332872],[-86.5169,34.332876],[-86.516956,34.332901],[-86.516992,34.33294],[-86.516997,34.332974],[-86.516994,34.33302]]}},{"type":"Feature","properties":{},"geometry":{"type":"LineString","coordinates":[[-86.515175,34.333673],[-86.515161,34.333601],[-86.515169,34.333317],[-86.515174,34.333257],[-86.515233,34.333218],[-86.515264,34.33318],[-86.515268,34.333134],[-86.515252,34.333075],[-86.515218,34.333039],[-86.515188,34.333019],[-86.515135,34.333003],[-86.515093,34.333005],[-86.515031,34.333019],[-86.514985,34.333049],[-86.514961,34.333078],[-86.514944,34.333123]]}},{"type":"Feature","properties":{},"geometry":{"type":"LineString","coordinates":[[-86.516946,34.338756],[-86.516932,34.338713],[-86.51692,34.33857],[-86.516854,34.337551],[-86.51685,34.33744],[-86.516862,34.337414],[-86.516893,34.33736],[-86.516912,34.337348],[-86.51694,34.337334],[-86.516973,34.33733],[-86.517021,34.337335],[-86.517185,34.337367],[-86.517517,34.337452],[-86.517653,34.337485],[-86.517837,34.337528],[-86.517903,34.337539],[-86.51796,34.337538],[-86.517989,34.337533],[-86.51804,34.337519],[-86.518081,34.337502],[-86.518111,34.337486],[-86.518145,34.337459],[-86.518165,34.337426],[-86.51818,34.337397],[-86.518194,34.337351],[-86.518202,34.3373],[-86.518258,34.336738],[-86.518309,34.336276],[-86.518358,34.335754],[-86.518405,34.335328],[-86.518425,34.335029],[-86.518466,34.334541],[-86.518475,34.334518],[-86.518504,34.334485],[-86.518534,34.334472],[-86.518556,34.33446],[-86.518583,34.334454],[-86.518642,34.334454],[-86.519188,34.334477],[-86.519467,34.334482],[-86.519845,34.334496],[-86.520108,34.334512],[-86.521484,34.334553],[-86.521692,34.334556],[-86.521926,34.334572],[-86.52243,34.334596],[-86.522994,34.334626],[-86.52422,34.334687],[-86.524951,34.334727],[-86.525314,34.33475],[-86.525581,34.334769],[-86.52648,34.334791],[-86.527014,34.334801],[-86.528014,34.334828],[-86.528396,34.334843]]}},{"type":"Feature","properties":{},"geometry":{"type":"LineString","coordinates":[[-86.528396,34.334843],[-86.528369,34.33488],[-86.528357,34.334913],[-86.528343,34.335545],[-86.528344,34.335753],[-86.528364,34.335784],[-86.5284,34.335822],[-86.528433,34.335863],[-86.528437,34.335893],[-86.528437,34.335925],[-86.528426,34.33596],[-86.528413,34.335982],[-86.528367,34.336003],[-86.528329,34.336012],[-86.528281,34.336015],[-86.528246,34.336007],[-86.528199,34.335984],[-86.528175,34.335959],[-86.528157,34.335909],[-86.528162,34.335876],[-86.528176,34.335839],[-86.528199,34.335807]]}},{"type":"Feature","properties":{},"geometry":{"type":"LineString","coordinates":[[-86.525433,34.335832],[-86.52544,34.335472],[-86.525455,34.335057],[-86.525449,34.334856],[-86.525435,34.334828],[-86.525369,34.334776],[-86.525348,34.334752]]}},{"type":"Feature","properties":{},"geometry":{"type":"LineString","coordinates":[[-86.525511,34.338567],[-86.52551,34.339144],[-86.525493,34.339684],[-86.525478,34.339832],[-86.52546,34.339929],[-86.525442,34.339985],[-86.525417,34.340027],[-86.525367,34.340049],[-86.525331,34.340051],[-86.525327,34.340065]]}},{"type":"Feature","properties":{},"geometry":{"type":"LineString","coordinates":[[-86.520901,34.337366],[-86.520817,34.337778],[-86.520815,34.337839],[-86.520825,34.337905],[-86.520843,34.337977],[-86.520855,34.338002],[-86.520907,34.338074],[-86.52096,34.338133],[-86.521026,34.338186],[-86.521138,34.338269],[-86.521474,34.338493],[-86.521619,34.338595],[-86.521673,34.338639],[-86.521697,34.338671],[-86.521711,34.338701],[-86.521722,34.338738],[-86.521718,34.338801],[-86.521599,34.339415],[-86.521582,34.339485],[-86.521571,34.339515],[-86.521556,34.339538],[-86.521538,34.33955],[-86.521511,34.339556],[-86.521495,34.33957]]}},{"type":"Feature","properties":{},"geometry":{"type":"LineString","coordinates":[[-86.521135,34.336707],[-86.521368,34.335666],[-86.521446,34.335303],[-86.521582,34.334631],[-86.521614,34.334585],[-86.521638,34.334571],[-86.521653,34.334555]]}},{"type":"Feature","properties":{},"geometry":{"type":"LineString","coordinates":[[-86.523659,34.333589],[-86.523608,34.334223],[-86.523579,34.334447],[-86.52356,34.334539],[-86.523541,34.334561],[-86.523519,34.334573],[-86.523512,34.334651]]}},{"type":"Feature","properties":{},"geometry":{"type":"LineString","coordinates":[[-86.520393,34.333222],[-86.52064,34.33326],[-86.521247,34.333344],[-86.521555,34.33339],[-86.521851,34.333443]]}},{"type":"Feature","properties":{},"geometry":{"type":"LineString","coordinates":[[-86.521851,34.333443],[-86.521635,34.334433],[-86.521647,34.33446],[-86.521673,34.334474],[-86.521666,34.334555]]}},{"type":"Feature","properties":{},"geometry":{"type":"LineString","coordinates":[[-86.522128,34.332288],[-86.522061,34.332464],[-86.52204,34.332584],[-86.521851,34.333443]]}},{"type":"Feature","properties":{},"geometry":{"type":"LineString","coordinates":[[-86.519043,34.333135],[-86.519022,34.333452],[-86.519008,34.333745],[-86.518994,34.334176],[-86.518987,34.334261],[-86.518976,34.334309],[-86.518949,34.334389],[-86.51894,34.334466]]}},{"type":"Feature","properties":{},"geometry":{"type":"LineString","coordinates":[[-86.526133,34.344433],[-86.52611,34.344003],[-86.526096,34.34364],[-86.526086,34.343343],[-86.526085,34.343102],[-86.526091,34.342332],[-86.526099,34.341936],[-86.526115,34.3415],[-86.526122,34.34108],[-86.526121,34.340901],[-86.526134,34.340676],[-86.526148,34.340541],[-86.526159,34.340478],[-86.526175,34.340413],[-86.526187,34.340393],[-86.526211,34.340384],[-86.526235,34.340342],[-86.526248,34.340313]]}},{"type":"Feature","properties":{},"geometry":{"type":"LineString","coordinates":[[-86.532636,34.342966],[-86.532087,34.342336],[-86.531636,34.34183],[-86.531449,34.341614],[-86.531304,34.341455],[-86.531247,34.341397],[-86.531111,34.34128],[-86.531018,34.341204],[-86.530917,34.341136],[-86.53081,34.341062],[-86.530705,34.340999],[-86.530641,34.340966],[-86.530616,34.340959]]}},{"type":"Feature","properties":{},"geometry":{"type":"LineString","coordinates":[[-86.542758,34.344205],[-86.542745,34.344278],[-86.543079,34.344326],[-86.543291,34.344353],[-86.543579,34.344374],[-86.543869,34.34438],[-86.544283,34.344368],[-86.54468,34.344337],[-86.545255,34.344267]]}},{"type":"Feature","properties":{},"geometry":{"type":"LineString","coordinates":[[-86.542758,34.344205],[-86.54195,34.344082],[-86.541649,34.344053],[-86.541457,34.344041],[-86.541326,34.344038],[-86.540995,34.344054],[-86.540722,34.344086],[-86.540435,34.34413],[-86.539962,34.344224],[-86.539758,34.344268],[-86.53871,34.344456],[-86.538569,34.344475],[-86.538304,34.344503],[-86.538092,34.344517],[-86.537826,34.344527],[-86.537383,34.344527],[-86.53663,34.344522],[-86.53617,34.344515],[-86.535068,34.344503],[-86.534883,34.344486],[-86.534744,34.34447],[-86.534548,34.344437],[-86.534385,34.344391],[-86.5342,34.344318],[-86.534069,34.344256],[-86.533881,34.344158],[-86.533692,34.344041],[-86.533551,34.343932],[-86.533382,34.343779],[-86.53319,34.343589],[-86.532724,34.343059],[-86.532636,34.342966]]}},{"type":"Feature","properties":{},"geometry":{"type":"LineString","coordinates":[[-86.54964,34.345892],[-86.549544,34.345674],[-86.549452,34.345418],[-86.549376,34.345211],[-86.549295,34.345042],[-86.549196,34.344866],[-86.549067,34.3447],[-86.548896,34.344533],[-86.548797,34.344461],[-86.548683,34.344384],[-86.548569,34.34432],[-86.548373,34.344235],[-86.548179,34.344182],[-86.547915,34.344135],[-86.547736,34.344115],[-86.547538,34.344102],[-86.547364,34.344098],[-86.547037,34.344111],[-86.546527,34.344144],[-86.545819,34.344198],[-86.545255,34.344267]]}},{"type":"Feature","properties":{},"geometry":{"type":"LineString","coordinates":[[-86.541835,34.344071],[-86.541794,34.344302],[-86.541771,34.344366],[-86.541671,34.344545],[-86.54164,34.344627],[-86.541628,34.344681],[-86.541624,34.344737],[-86.54163,34.344797],[-86.54164,34.344877],[-86.541665,34.345009],[-86.541676,34.345051],[-86.541705,34.345131],[-86.541859,34.345479],[-86.541921,34.345593],[-86.541946,34.345632],[-86.54199,34.34566],[-86.542143,34.345715],[-86.542211,34.34575],[-86.542251,34.345781],[-86.542272,34.345805],[-86.542301,34.345845],[-86.542312,34.345885],[-86.542311,34.345926],[-86.542302,34.345959],[-86.542281,34.34598],[-86.542232,34.346024],[-86.542165,34.346055],[-86.542098,34.346081],[-86.542047,34.346084],[-86.541991,34.346074]]}},{"type":"Feature","properties":{},"geometry":{"type":"LineString","coordinates":[[-86.531661,34.338672],[-86.53162,34.338621],[-86.531549,34.338593],[-86.531486,34.338596],[-86.531443,34.338619],[-86.531407,34.338655],[-86.531376,34.338707],[-86.531387,34.338735],[-86.531457,34.338871],[-86.531466,34.338934],[-86.531444,34.339787],[-86.531441,34.340045],[-86.531427,34.340103],[-86.5314,34.340168],[-86.53137,34.340211],[-86.531408,34.340284]]}},{"type":"Feature","properties":{},"geometry":{"type":"LineString","coordinates":[[-86.531408,34.340284],[-86.531334,34.340316],[-86.531188,34.340404],[-86.530967,34.340558],[-86.53078,34.3407],[-86.530643,34.340808],[-86.530611,34.340835],[-86.530595,34.340872],[-86.530592,34.340924],[-86.530597,34.340953]]}},{"type":"Feature","properties":{},"geometry":{"type":"LineString","coordinates":[[-86.531408,34.340284],[-86.531482,34.340258],[-86.531548,34.340243],[-86.531637,34.340238],[-86.532276,34.340227],[-86.532648,34.340237],[-86.532807,34.340243],[-86.533212,34.34028],[-86.533459,34.340309],[-86.533601,34.340312],[-86.533708,34.340304],[-86.533786,34.340292],[-86.533891,34.340253],[-86.533965,34.340212],[-86.534062,34.340143],[-86.534128,34.340077],[-86.53418,34.34002],[-86.534221,34.33996],[-86.534256,34.339893],[-86.534284,34.339826],[-86.534338,34.339672],[-86.534379,34.339545],[-86.534405,34.3395],[-86.534425,34.339459],[-86.534458,34.339405],[-86.534488,34.339371],[-86.534569,34.339296],[-86.534623,34.339263],[-86.534699,34.33922],[-86.534773,34.339186],[-86.534888,34.33915],[-86.535,34.339122],[-86.535072,34.339095],[-86.535227,34.339044],[-86.535462,34.338943],[-86.535629,34.338859],[-86.535804,34.338767],[-86.53602,34.338669],[-86.536248,34.338576],[-86.536431,34.338514],[-86.536591,34.338471],[-86.536813,34.338439],[-86.537403,34.338366],[-86.537955,34.338294],[-86.538271,34.338258],[-86.538428,34.338241],[-86.538527,34.338239],[-86.538625,34.338248],[-86.538696,34.338263],[-86.53876,34.338286],[-86.538807,34.338316],[-86.538852,34.33835],[-86.538889,34.338392],[-86.538925,34.338444],[-86.539004,34.338614],[-86.539147,34.339001],[-86.539211,34.339115],[-86.539257,34.339169],[-86.53935,34.339262],[-86.539452,34.339342],[-86.539997,34.33967],[-86.540158,34.339759],[-86.540276,34.33983],[-86.540549,34.33995],[-86.541298,34.340226],[-86.541365,34.340246],[-86.54143,34.340258],[-86.541527,34.340262],[-86.541609,34.340262],[-86.541717,34.340245],[-86.541858,34.340203]]}},{"type":"Feature","properties":{},"geometry":{"type":"LineString","coordinates":[[-86.543075,34.33975],[-86.543323,34.339652],[-86.543615,34.33953],[-86.544534,34.339183],[-86.544914,34.339031],[-86.545058,34.338958],[-86.545128,34.338911],[-86.545205,34.338854],[-86.545262,34.338804],[-86.545324,34.338741],[-86.545409,34.338615],[-86.545477,34.338478],[-86.545536,34.33832],[-86.545557,34.338182],[-86.545552,34.337994],[-86.545521,34.337797],[-86.545482,34.337595],[-86.545452,34.337377],[-86.545447,34.337319],[-86.545461,34.337161],[-86.545472,34.337098],[-86.545522,34.336961],[-86.545692,34.336566],[-86.545747,34.33643],[-86.545761,34.336384],[-86.545774,34.336318],[-86.545776,34.336263],[-86.545771,34.336216],[-86.545754,34.336164],[-86.545732,34.336108],[-86.54571,34.336065],[-86.545669,34.336004],[-86.545439,34.335713],[-86.545147,34.335348],[-86.544996,34.335165],[-86.544863,34.335061],[-86.544788,34.335021],[-86.544663,34.334975],[-86.544536,34.334956],[-86.544341,34.334951],[-86.544175,34.334936],[-86.544048,34.334905],[-86.543945,34.334844],[-86.543886,34.334791],[-86.543842,34.334737],[-86.54381,34.334682],[-86.543781,34.334615],[-86.543645,34.334257],[-86.543561,34.334114],[-86.543438,34.333952],[-86.543196,34.333697],[-86.543116,34.333634],[-86.54304,34.333585],[-86.542933,34.33354],[-86.542805,34.333502],[-86.542677,34.333489],[-86.542453,34.33349],[-86.541787,34.333537],[-86.541687,34.333538],[-86.541082,34.333473],[-86.540962,34.333468],[-86.540857,34.333481],[-86.540774,34.333502],[-86.540439,34.33361],[-86.539956,34.333788],[-86.539682,34.333891],[-86.539448,34.334007],[-86.53934,34.33408],[-86.539238,34.33417],[-86.53904,34.334354],[-86.538957,34.334415],[-86.538913,34.334439],[-86.538836,34.334465],[-86.538779,34.334477],[-86.538705,34.334486],[-86.538624,34.33449],[-86.538458,34.334487],[-86.537978,34.334449],[-86.537673,34.334415],[-86.537072,34.334342],[-86.536954,34.334326],[-86.536848,34.3343],[-86.536782,34.334271],[-86.5367,34.334227],[-86.536656,34.334189],[-86.536613,34.334141],[-86.536593,34.334094],[-86.536556,34.333986],[-86.536506,34.333542],[-86.536495,34.333473],[-86.536483,34.333413],[-86.536469,34.333379],[-86.536443,34.333327],[-86.536399,34.333274],[-86.536353,34.333229],[-86.53629,34.333188],[-86.536224,34.333153],[-86.53613,34.33312],[-86.536,34.333085],[-86.535867,34.333057],[-86.535548,34.332999],[-86.535001,34.332915],[-86.534916,34.332915],[-86.534832,34.332928],[-86.534756,34.332952],[-86.534685,34.332992],[-86.534597,34.333063],[-86.534503,34.33316],[-86.534411,34.333242],[-86.534371,34.33327],[-86.534315,34.333294],[-86.534266,34.333307],[-86.534222,34.333311],[-86.534174,34.333311],[-86.534112,34.333303],[-86.534036,34.333285],[-86.533995,34.333279],[-86.533243,34.333064],[-86.532919,34.332982],[-86.532607,34.332909]]}},{"type":"Feature","properties":{},"geometry":{"type":"LineString","coordinates":[[-86.537991,34.333608],[-86.537929,34.333578],[-86.537877,34.33357],[-86.537824,34.333582],[-86.537786,34.333614],[-86.537782,34.333642],[-86.537786,34.333686],[-86.537816,34.333773],[-86.537831,34.33383],[-86.537833,34.333935],[-86.537819,34.334167],[-86.537803,34.334339],[-86.537794,34.334372],[-86.537769,34.334401],[-86.537731,34.334421]]}},{"type":"Feature","properties":{},"geometry":{"type":"LineString","coordinates":[[-86.542172,34.335468],[-86.542158,34.335514],[-86.542124,34.335543],[-86.542051,34.335552],[-86.541968,34.33554],[-86.541913,34.335508],[-86.541879,34.335465],[-86.541854,34.335422],[-86.541842,34.335374],[-86.54181,34.335322],[-86.541736,34.335152],[-86.541719,34.335097],[-86.541709,34.335051],[-86.541703,34.334986],[-86.5417,34.334922],[-86.541701,34.334852],[-86.541734,34.334226],[-86.541773,34.333831],[-86.541772,34.333781],[-86.541764,34.333732],[-86.541754,34.333701],[-86.54175,34.333667],[-86.541749,34.333625],[-86.541743,34.333578],[-86.541744,34.333537]]}},{"type":"Feature","properties":{},"geometry":{"type":"LineString","coordinates":[[-86.545493,34.337649],[-86.545564,34.337659],[-86.545625,34.337656],[-86.545871,34.337623],[-86.546025,34.337607],[-86.546193,34.337597],[-86.546346,34.337601],[-86.546605,34.337622],[-86.547004,34.337663],[-86.547351,34.337707],[-86.547541,34.337736],[-86.547884,34.33781],[-86.549286,34.338174],[-86.549608,34.338253],[-86.54987,34.338316],[-86.55008,34.338344],[-86.550358,34.338362],[-86.550703,34.338365],[-86.55207,34.338395],[-86.552611,34.33841],[-86.553387,34.338438],[-86.553702,34.338448],[-86.553754,34.338446],[-86.553788,34.338431],[-86.553828,34.338389],[-86.55385,34.338354],[-86.553864,34.338311],[-86.553872,34.338254],[-86.553873,34.338191],[-86.553909,34.337303],[-86.553949,34.336638],[-86.55398,34.336176],[-86.554021,34.335728],[-86.554023,34.335664],[-86.554021,34.335574],[-86.554007,34.33553],[-86.553974,34.335468],[-86.553938,34.335412],[-86.553601,34.335041],[-86.553557,34.334999],[-86.553508,34.33497],[-86.553447,34.33494],[-86.553402,34.334931],[-86.55148,34.334831],[-86.551307,34.334818],[-86.550928,34.334773],[-86.550827,34.33477],[-86.550768,34.334777],[-86.550726,34.334798],[-86.550673,34.334836],[-86.550485,34.335038],[-86.55018,34.335412],[-86.550083,34.335563],[-86.550048,34.335655],[-86.550047,34.335742],[-86.550072,34.335892],[-86.550106,34.336082],[-86.550121,34.336306],[-86.550117,34.336387],[-86.550106,34.336493],[-86.550028,34.336993],[-86.549904,34.337777],[-86.549886,34.337863],[-86.549841,34.338148],[-86.549827,34.338257],[-86.549839,34.338292],[-86.549853,34.33831]]}},{"type":"Feature","properties":{},"geometry":{"type":"LineString","coordinates":[[-86.539042,34.338719],[-86.539304,34.338649],[-86.53937,34.338629],[-86.539495,34.338557],[-86.539632,34.338463],[-86.539855,34.338266],[-86.540043,34.33811],[-86.540247,34.337938],[-86.540316,34.337872],[-86.540348,34.337835],[-86.540381,34.337787],[-86.540401,34.337733],[-86.540409,34.337676],[-86.540407,34.337626],[-86.540397,34.337587],[-86.540376,34.337536],[-86.540337,34.337479],[-86.540209,34.337325],[-86.540032,34.337171],[-86.539992,34.337148],[-86.539943,34.337135],[-86.539894,34.337145],[-86.539812,34.337169],[-86.539667,34.337217],[-86.539576,34.337236],[-86.539377,34.337241],[-86.539262,34.337228],[-86.539085,34.337199],[-86.538711,34.337094],[-86.538513,34.337032],[-86.538387,34.337],[-86.538335,34.336993],[-86.538275,34.336994],[-86.538048,34.337003],[-86.537857,34.337034],[-86.537632,34.337084],[-86.537475,34.337126],[-86.537304,34.337186],[-86.537169,34.337252],[-86.537031,34.337349],[-86.536935,34.337435],[-86.536807,34.337581],[-86.536691,34.337738],[-86.536571,34.337912],[-86.536476,34.338062],[-86.536431,34.338161],[-86.536421,34.338235],[-86.536429,34.338306],[-86.536443,34.338366],[-86.536476,34.33839],[-86.536516,34.338492]]}},{"type":"Feature","properties":{},"geometry":{"type":"LineString","coordinates":[[-86.536435,34.338331],[-86.536218,34.338318],[-86.535932,34.33831],[-86.535683,34.338295],[-86.53558,34.338269],[-86.535511,34.338239],[-86.535462,34.338207],[-86.535416,34.338165],[-86.535382,34.338132],[-86.535333,34.338051],[-86.535315,34.33801],[-86.535302,34.337956],[-86.53529,34.337887],[-86.535282,34.337803],[-86.535265,34.337744],[-86.535242,34.337673],[-86.535151,34.337445],[-86.535044,34.337263],[-86.534848,34.336965],[-86.534664,34.336699],[-86.53425,34.336087],[-86.534114,34.335839],[-86.53398,34.335531],[-86.533689,34.334758],[-86.533593,34.33456],[-86.53347,34.334321],[-86.533355,34.33412],[-86.533234,34.333929],[-86.533167,34.333849],[-86.533103,34.333787],[-86.533015,34.333704],[-86.532912,34.333626],[-86.532463,34.33331],[-86.532195,34.333149],[-86.532093,34.333111],[-86.531975,34.333087],[-86.531876,34.333078],[-86.531799,34.333079]]}},{"type":"Feature","properties":{},"geometry":{"type":"LineString","coordinates":[[-86.536403,34.336295],[-86.536403,34.336246],[-86.536375,34.336196],[-86.53631,34.33617],[-86.536223,34.336179],[-86.536136,34.33622],[-86.536056,34.336283],[-86.535957,34.336337],[-86.535887,34.336382],[-86.535798,34.336454],[-86.535573,34.336702],[-86.535357,34.336931],[-86.535192,34.33709],[-86.535152,34.33711],[-86.535113,34.337116],[-86.534988,34.337178]]}},{"type":"Feature","properties":{},"geometry":{"type":"LineString","coordinates":[[-86.537106,34.325686],[-86.536691,34.325674],[-86.535717,34.325657],[-86.535332,34.325643],[-86.534372,34.325635],[-86.533636,34.325618],[-86.533447,34.325607],[-86.533175,34.325571],[-86.533011,34.325555],[-86.532811,34.325543],[-86.532368,34.32553],[-86.531831,34.325522],[-86.53088,34.325491],[-86.53037,34.325483],[-86.530321,34.325478]]}},{"type":"Feature","properties":{},"geometry":{"type":"LineString","coordinates":[[-86.345104,34.372355],[-86.345029,34.37262],[-86.344943,34.372842],[-86.344789,34.373129],[-86.344695,34.373318],[-86.344612,34.373533],[-86.344543,34.37378],[-86.344489,34.374093],[-86.344399,34.374879],[-86.344389,34.375197],[-86.344403,34.375274],[-86.344437,34.375346],[-86.344474,34.375449],[-86.344474,34.375494],[-86.344455,34.375532],[-86.34439,34.375538],[-86.344329,34.375528],[-86.344296,34.375498],[-86.344285,34.375455]]}},{"type":"Feature","properties":{},"geometry":{"type":"LineString","coordinates":[[-86.486114,34.3403],[-86.485628,34.340786],[-86.485126,34.341311],[-86.484803,34.341652],[-86.484445,34.342056],[-86.484091,34.342482],[-86.483982,34.342631],[-86.483719,34.342979],[-86.483638,34.343115]]}},{"type":"Feature","properties":{},"geometry":{"type":"LineString","coordinates":[[-86.48362,34.343119],[-86.4836,34.343154],[-86.48351,34.343276],[-86.483023,34.343951],[-86.482451,34.344733],[-86.482134,34.345181],[-86.481922,34.345461],[-86.481519,34.345946],[-86.481247,34.346255],[-86.480858,34.346665],[-86.480524,34.346986],[-86.480154,34.347317],[-86.479762,34.347651],[-86.479499,34.34786],[-86.47914,34.348132],[-86.478537,34.348549],[-86.47797,34.348931],[-86.476851,34.349678],[-86.476008,34.350238],[-86.475484,34.350593],[-86.474943,34.350966],[-86.474681,34.351164],[-86.474439,34.351365],[-86.474112,34.351669],[-86.47379,34.351998],[-86.473496,34.352343],[-86.473277,34.352625],[-86.473038,34.352988],[-86.472841,34.353313],[-86.472664,34.35366],[-86.472542,34.353934],[-86.472429,34.354222],[-86.472314,34.354555],[-86.472185,34.355048],[-86.472155,34.355191],[-86.472101,34.355512],[-86.472087,34.355809]]}},{"type":"Feature","properties":{},"geometry":{"type":"LineString","coordinates":[[-86.478518,34.347118],[-86.478475,34.347074],[-86.478393,34.347036],[-86.478324,34.347039],[-86.478243,34.347067],[-86.478185,34.347096],[-86.478118,34.34711],[-86.477981,34.347115],[-86.477709,34.347117],[-86.477574,34.347133],[-86.477483,34.34717],[-86.477373,34.347246],[-86.477338,34.347311],[-86.477312,34.347399],[-86.477295,34.347558],[-86.477293,34.347822],[-86.477297,34.347933],[-86.477319,34.348086],[-86.477342,34.348175],[-86.477425,34.348318],[-86.477699,34.348598],[-86.477996,34.348913]]}},{"type":"Feature","properties":{},"geometry":{"type":"LineString","coordinates":[[-86.446224,34.332113],[-86.446235,34.331681],[-86.446263,34.331034],[-86.446335,34.329087],[-86.446273,34.328981]]}},{"type":"Feature","properties":{},"geometry":{"type":"LineString","coordinates":[[-86.442402,34.292326],[-86.442388,34.29256],[-86.442393,34.293267],[-86.442361,34.294316],[-86.442345,34.294684],[-86.442331,34.295352],[-86.442323,34.295562],[-86.442309,34.29617],[-86.442299,34.296422],[-86.442301,34.296812],[-86.442259,34.297965],[-86.442249,34.298163],[-86.442231,34.298766],[-86.442236,34.299111],[-86.442227,34.299706],[-86.44222,34.299988],[-86.442204,34.300906],[-86.442191,34.301824],[-86.44219,34.302556],[-86.442176,34.303636],[-86.442177,34.304556],[-86.442173,34.304632],[-86.442154,34.304831],[-86.442135,34.305085],[-86.442116,34.306088],[-86.442113,34.306376],[-86.442104,34.306787],[-86.442081,34.307317],[-86.442079,34.307664],[-86.442083,34.307931],[-86.442106,34.308183],[-86.442117,34.30853],[-86.44211,34.309051],[-86.442084,34.309931],[-86.442084,34.310409],[-86.442038,34.310986],[-86.44203,34.311151],[-86.442014,34.311872],[-86.441991,34.312074],[-86.441952,34.31233],[-86.441905,34.312564],[-86.441884,34.312647],[-86.441748,34.313134],[-86.441642,34.313554],[-86.441539,34.313974],[-86.441429,34.314456],[-86.441382,34.314626],[-86.441365,34.314665],[-86.441332,34.314703],[-86.441255,34.314749],[-86.441224,34.314758]]}},{"type":"Feature","properties":{},"geometry":{"type":"LineString","coordinates":[[-86.446162,34.31028],[-86.445656,34.310005],[-86.445481,34.309898],[-86.44535,34.309811],[-86.445168,34.309674],[-86.445066,34.309591],[-86.444776,34.30934],[-86.444394,34.308987],[-86.443231,34.307886],[-86.44311,34.307785],[-86.442983,34.307693],[-86.442859,34.307622],[-86.442781,34.307584],[-86.442622,34.307538],[-86.442427,34.307498],[-86.442246,34.30747],[-86.44208,34.307447]]}},{"type":"Feature","properties":{},"geometry":{"type":"LineString","coordinates":[[-86.442101,34.30813],[-86.442061,34.308092],[-86.442007,34.308054],[-86.441935,34.308042],[-86.441504,34.308024],[-86.441153,34.30802],[-86.44082,34.308019],[-86.439822,34.308022],[-86.439405,34.30802],[-86.439007,34.308037],[-86.437426,34.308057],[-86.43676,34.308069],[-86.436143,34.308073],[-86.435198,34.30807],[-86.434691,34.308073],[-86.434422,34.308082],[-86.434301,34.308093],[-86.434213,34.308107],[-86.434068,34.308144],[-86.433975,34.308178],[-86.433834,34.308248],[-86.433688,34.308331],[-86.433616,34.308385],[-86.43351,34.308491],[-86.433422,34.308597],[-86.433381,34.308656],[-86.433342,34.308727],[-86.433306,34.308825],[-86.433292,34.308921],[-86.433249,34.3102],[-86.433204,34.310665],[-86.433178,34.310896],[-86.433166,34.311147],[-86.433168,34.311355],[-86.433189,34.311582],[-86.43321,34.311898],[-86.433215,34.312063],[-86.433227,34.313025],[-86.433221,34.31386],[-86.43323,34.314374],[-86.433222,34.314658],[-86.433227,34.314925],[-86.433226,34.315216],[-86.433235,34.315735],[-86.433254,34.316046],[-86.433262,34.316391],[-86.433266,34.316776],[-86.433248,34.317515],[-86.433219,34.318306],[-86.433211,34.318479],[-86.433217,34.318498],[-86.433065,34.318697],[-86.433024,34.318771],[-86.432928,34.318868]]}},{"type":"Feature","properties":{},"geometry":{"type":"LineString","coordinates":[[-86.428807,34.313506],[-86.429747,34.313483],[-86.430369,34.313463],[-86.430616,34.313465],[-86.430873,34.313473],[-86.431108,34.313497],[-86.431367,34.313546],[-86.431576,34.313599],[-86.431898,34.313685],[-86.432402,34.313837],[-86.432963,34.313991],[-86.433096,34.314031],[-86.433122,34.314027],[-86.433224,34.314045]]}},{"type":"Feature","properties":{},"geometry":{"type":"LineString","coordinates":[[-86.432399,34.306505],[-86.43238,34.306532],[-86.432373,34.306568],[-86.432381,34.306603],[-86.432466,34.306755],[-86.432486,34.306815],[-86.432492,34.307017],[-86.432503,34.307254],[-86.432524,34.307306],[-86.432549,34.307343],[-86.432909,34.307664],[-86.433068,34.307817],[-86.433107,34.307865],[-86.433129,34.3079],[-86.433147,34.307933],[-86.433158,34.307972],[-86.433146,34.308488],[-86.433149,34.30854],[-86.43316,34.308596],[-86.433223,34.308734],[-86.433238,34.308779],[-86.433243,34.308814],[-86.433308,34.308817]]}},{"type":"Feature","properties":{},"geometry":{"type":"LineString","coordinates":[[-86.44906,34.287669],[-86.448972,34.287847],[-86.448778,34.288096],[-86.448567,34.288288],[-86.44842,34.288388],[-86.44824,34.288489],[-86.448069,34.288561],[-86.447872,34.288622],[-86.447589,34.288673],[-86.447341,34.288685],[-86.447112,34.288676],[-86.446906,34.28865],[-86.446569,34.288598],[-86.444955,34.28834],[-86.444591,34.288279],[-86.444162,34.288212],[-86.443987,34.288193],[-86.443789,34.288182],[-86.443548,34.288188],[-86.443319,34.288206],[-86.44306,34.288248],[-86.442925,34.288275],[-86.442688,34.288343],[-86.442574,34.288382],[-86.442386,34.288459],[-86.442197,34.288553],[-86.441987,34.28868],[-86.441815,34.288814],[-86.441662,34.288943],[-86.44144,34.289147],[-86.441287,34.289276]]}},{"type":"Feature","properties":{},"geometry":{"type":"LineString","coordinates":[[-86.442402,34.292326],[-86.442414,34.292053],[-86.442418,34.291834],[-86.442413,34.291633],[-86.44239,34.291615],[-86.442337,34.291608],[-86.44009,34.291595],[-86.439055,34.291583],[-86.438964,34.291569],[-86.438882,34.291531]]}},{"type":"Feature","properties":{},"geometry":{"type":"LineString","coordinates":[[-86.441287,34.289276],[-86.440957,34.289588],[-86.440712,34.289826],[-86.440152,34.290342],[-86.439482,34.290968],[-86.438641,34.291759],[-86.438293,34.292076],[-86.438094,34.292237],[-86.437826,34.292407],[-86.437741,34.292451],[-86.437453,34.292571],[-86.437233,34.292647]]}},{"type":"Feature","properties":{},"geometry":{"type":"LineString","coordinates":[[-86.432727,34.300166],[-86.432884,34.299973],[-86.433014,34.29978],[-86.433114,34.299595],[-86.433212,34.299386],[-86.433375,34.298973],[-86.433519,34.298591],[-86.433722,34.298064],[-86.433904,34.297605],[-86.434064,34.297176],[-86.434535,34.295995],[-86.434818,34.295349],[-86.434915,34.295134],[-86.435295,34.294402],[-86.435657,34.293742],[-86.435778,34.293558],[-86.435868,34.293449],[-86.435949,34.293355],[-86.436089,34.293225],[-86.436223,34.293113],[-86.436327,34.293036],[-86.436421,34.292977],[-86.436531,34.292915],[-86.436628,34.29287],[-86.436796,34.292803],[-86.436966,34.292738],[-86.437233,34.292647]]}},{"type":"Feature","properties":{},"geometry":{"type":"LineString","coordinates":[[-86.439178,34.31475],[-86.440137,34.314708],[-86.4404,34.314709],[-86.440642,34.314719],[-86.441005,34.314745],[-86.441224,34.314758],[-86.441544,34.314808],[-86.443617,34.315079]]}},{"type":"Feature","properties":{},"geometry":{"type":"MultiLineString","coordinates":[[[-86.432928,34.318868],[-86.43269,34.319102],[-86.432508,34.319273],[-86.432145,34.319633],[-86.431771,34.319999],[-86.431338,34.320401],[-86.431023,34.32066],[-86.43077,34.320846],[-86.430475,34.321035],[-86.430222,34.321184],[-86.42955,34.321561],[-86.429158,34.321773],[-86.42836,34.322212],[-86.427527,34.322661],[-86.427212,34.32285],[-86.426975,34.323004],[-86.426783,34.323144],[-86.42656,34.323328],[-86.426384,34.323497],[-86.426178,34.323725],[-86.426064,34.323884],[-86.425927,34.324089],[-86.425821,34.324259],[-86.425741,34.324397],[-86.425595,34.324671],[-86.425491,34.32489],[-86.425423,34.325059],[-86.425364,34.325236],[-86.425311,34.32545],[-86.425237,34.325816],[-86.425116,34.326501],[-86.425094,34.326654]],[[-86.425107,34.328532],[-86.425119,34.328625],[-86.42516,34.329169],[-86.425167,34.32936],[-86.425162,34.329531],[-86.425142,34.32972],[-86.425116,34.329836]],[[-86.425206,34.342653],[-86.425568,34.342662],[-86.426258,34.342663],[-86.426764,34.342659],[-86.426843,34.342653],[-86.426961,34.342662]]]}},{"type":"Feature","properties":{},"geometry":{"type":"LineString","coordinates":[[-86.427498,34.322678],[-86.427405,34.32267],[-86.427292,34.322636],[-86.427063,34.322526],[-86.426783,34.322393],[-86.426588,34.322314],[-86.42634,34.322225],[-86.42619,34.322175],[-86.425838,34.322071],[-86.425487,34.321965],[-86.42506,34.321826]]}},{"type":"Feature","properties":{},"geometry":{"type":"LineString","coordinates":[[-86.425129,34.331705],[-86.425207,34.331749],[-86.425388,34.331864],[-86.425458,34.331916],[-86.4256,34.332037],[-86.42571,34.332135],[-86.425762,34.332193],[-86.425837,34.332287],[-86.425883,34.332366],[-86.425969,34.332561],[-86.426018,34.33273],[-86.426056,34.332909],[-86.426101,34.333226],[-86.426142,34.333468],[-86.426182,34.33365],[-86.426223,34.333806],[-86.42627,34.333958],[-86.426335,34.334132],[-86.426377,34.334222],[-86.426431,34.33432],[-86.426506,34.334434],[-86.42662,34.33458],[-86.426739,34.334717],[-86.426833,34.334813],[-86.426967,34.334943],[-86.427501,34.335428],[-86.427789,34.3357],[-86.428224,34.336113],[-86.428484,34.336358],[-86.428683,34.336548],[-86.428942,34.33679],[-86.429495,34.337305],[-86.429748,34.337544],[-86.430378,34.338125],[-86.430644,34.338373],[-86.430968,34.338681],[-86.431021,34.338736],[-86.431036,34.338777],[-86.431038,34.338817],[-86.431026,34.33884],[-86.431059,34.338919]]}},{"type":"Feature","properties":{},"geometry":{"type":"LineString","coordinates":[[-86.426961,34.342662],[-86.427373,34.342213],[-86.427655,34.341883],[-86.427843,34.341665],[-86.428032,34.341462],[-86.428361,34.341085],[-86.428684,34.340729],[-86.42887,34.34053],[-86.429307,34.340078],[-86.429648,34.33971],[-86.429779,34.339581],[-86.429903,34.339471],[-86.430043,34.339366],[-86.430253,34.339232],[-86.43041,34.33915],[-86.430642,34.339056],[-86.431059,34.338919],[-86.431343,34.338828],[-86.431508,34.338768],[-86.431663,34.338696],[-86.431805,34.338618],[-86.432051,34.338464],[-86.432873,34.337922],[-86.432992,34.337847],[-86.433325,34.33763],[-86.433627,34.337438],[-86.434026,34.33719],[-86.434458,34.336917],[-86.435328,34.336362],[-86.435751,34.336097],[-86.436311,34.335742],[-86.436736,34.33548],[-86.437168,34.335206],[-86.437632,34.334918],[-86.437983,34.334689],[-86.438174,34.33457],[-86.43842,34.334429],[-86.438682,34.334296],[-86.438944,34.334178],[-86.439781,34.333828],[-86.440059,34.333714],[-86.440324,34.333601],[-86.440657,34.333463],[-86.440912,34.333355],[-86.441387,34.333174],[-86.441549,34.333119],[-86.441699,34.333072],[-86.441875,34.333029],[-86.442089,34.332984],[-86.44226,34.332957],[-86.442503,34.332939],[-86.44272,34.332931],[-86.442897,34.332943],[-86.442941,34.332969],[-86.442977,34.333023]]}},{"type":"Feature","properties":{},"geometry":{"type":"LineString","coordinates":[[-86.426961,34.342662],[-86.42666,34.34298],[-86.426568,34.343081],[-86.42613,34.343547],[-86.425871,34.343835],[-86.425616,34.344111],[-86.425373,34.34437],[-86.42522,34.344539]]}},{"type":"Feature","properties":{},"geometry":{"type":"LineString","coordinates":[[-86.428551,34.335479],[-86.428537,34.335786],[-86.428552,34.336222],[-86.428558,34.336341],[-86.428507,34.336379]]}},{"type":"Feature","properties":{},"geometry":{"type":"LineString","coordinates":[[-86.432064,34.332428],[-86.4323,34.332418],[-86.432467,34.332414],[-86.432691,34.332397],[-86.432754,34.332399],[-86.432792,34.332405],[-86.432821,34.332418],[-86.432849,34.332442],[-86.432861,34.332462],[-86.432868,34.332488],[-86.43287,34.332531],[-86.432864,34.332604],[-86.432867,34.332737],[-86.43292,34.333151],[-86.432923,34.333439],[-86.432923,34.333684],[-86.432917,34.334299],[-86.432929,34.335238],[-86.43293,34.335695],[-86.432929,34.336069],[-86.432914,34.336736],[-86.432906,34.336948],[-86.432892,34.337122],[-86.432871,34.337766],[-86.432862,34.337797],[-86.432842,34.337838],[-86.432899,34.337905]]}},{"type":"Feature","properties":{},"geometry":{"type":"LineString","coordinates":[[-86.446479,34.328863],[-86.446173,34.329038],[-86.445948,34.329213],[-86.445697,34.329419],[-86.445629,34.32948]]}},{"type":"Feature","properties":{},"geometry":{"type":"LineString","coordinates":[[-86.445629,34.32948],[-86.445445,34.329651],[-86.445211,34.329908],[-86.444892,34.330304],[-86.444392,34.330973],[-86.444212,34.331235],[-86.443925,34.331645],[-86.443777,34.331862],[-86.443602,34.332142],[-86.44335,34.332558],[-86.443058,34.333047],[-86.442977,34.333023]]}},{"type":"Feature","properties":{},"geometry":{"type":"LineString","coordinates":[[-86.442639,34.333589],[-86.442197,34.334303],[-86.442046,34.334564],[-86.442018,34.334627],[-86.441965,34.334763],[-86.441942,34.334827],[-86.441926,34.33489],[-86.44182,34.335246],[-86.441787,34.335416],[-86.441754,34.335692],[-86.441716,34.336119],[-86.441705,34.336311],[-86.441685,34.336744],[-86.441666,34.337986],[-86.441661,34.338529],[-86.441655,34.338872],[-86.441643,34.339401],[-86.441631,34.339771],[-86.44162,34.340415],[-86.441601,34.341221],[-86.4416,34.341664],[-86.441605,34.342281],[-86.441602,34.342979],[-86.441577,34.344003],[-86.441571,34.344368],[-86.441571,34.344942],[-86.441569,34.345263],[-86.441554,34.34617],[-86.441548,34.346427],[-86.441534,34.34657]]}},{"type":"Feature","properties":{},"geometry":{"type":"LineString","coordinates":[[-86.441549,34.346678],[-86.441547,34.34703],[-86.441522,34.347926],[-86.441492,34.348802],[-86.441482,34.349388],[-86.441455,34.350165],[-86.441435,34.350665],[-86.441426,34.351085],[-86.441414,34.351437],[-86.441418,34.351581],[-86.441431,34.351731],[-86.441431,34.351783],[-86.441436,34.351832]]}},{"type":"Feature","properties":{},"geometry":{"type":"LineString","coordinates":[[-86.437209,34.343903],[-86.437184,34.344484],[-86.437136,34.34621],[-86.437125,34.346475],[-86.43712,34.346536],[-86.437321,34.346536],[-86.437961,34.346543],[-86.439087,34.346562],[-86.439514,34.346556],[-86.439735,34.346551]]}},{"type":"Feature","properties":{},"geometry":{"type":"LineString","coordinates":[[-86.437203,34.341598],[-86.437023,34.341351],[-86.436894,34.341164],[-86.4367,34.340863],[-86.436632,34.340763],[-86.436443,34.340466],[-86.436347,34.340321],[-86.4362,34.340137],[-86.436123,34.340044],[-86.436029,34.339947],[-86.435882,34.339816],[-86.435677,34.339664],[-86.435359,34.339446],[-86.435006,34.339202],[-86.434604,34.338912],[-86.434044,34.338521],[-86.433644,34.338244],[-86.433353,34.338031],[-86.433157,34.337896],[-86.433085,34.337852],[-86.433048,34.337845],[-86.43302,34.337843],[-86.433004,34.337839]]}},{"type":"Feature","properties":{},"geometry":{"type":"LineString","coordinates":[[-86.438046,34.317141],[-86.437908,34.317329],[-86.43782,34.317466],[-86.437752,34.317601],[-86.437704,34.317731],[-86.437669,34.317926],[-86.437656,34.318121],[-86.437624,34.318876],[-86.437616,34.319273],[-86.437621,34.319966],[-86.437614,34.320194],[-86.437609,34.320647],[-86.437599,34.32105],[-86.437583,34.321552],[-86.437575,34.321984],[-86.437548,34.323883],[-86.437546,34.324469],[-86.437532,34.32496],[-86.437534,34.325397],[-86.437527,34.326039],[-86.437502,34.326539],[-86.437493,34.32696],[-86.437471,34.327692],[-86.437441,34.328289],[-86.437434,34.3285],[-86.437431,34.328716],[-86.437435,34.329054],[-86.437875,34.329095],[-86.438266,34.329127],[-86.438637,34.329149],[-86.438776,34.329156],[-86.438995,34.329161],[-86.439542,34.329162],[-86.439679,34.329164],[-86.439792,34.329176],[-86.440134,34.329217],[-86.440631,34.329291],[-86.441365,34.329394],[-86.441852,34.329475],[-86.442478,34.329589],[-86.442749,34.32963],[-86.44318,34.329687],[-86.443381,34.329711],[-86.443596,34.329729],[-86.443786,34.32974],[-86.444131,34.329744],[-86.444492,34.329739],[-86.44473,34.329725],[-86.444879,34.32971],[-86.445089,34.329684],[-86.445263,34.329637],[-86.445348,34.329603],[-86.445389,34.329585],[-86.445473,34.329626]]}},{"type":"Feature","properties":{},"geometry":{"type":"LineString","coordinates":[[-86.439804,34.347506],[-86.439804,34.347622],[-86.439783,34.348449],[-86.439763,34.348994],[-86.439754,34.349466],[-86.439755,34.349653],[-86.439763,34.349878],[-86.439797,34.350314],[-86.439807,34.350799],[-86.439864,34.351675],[-86.439872,34.35191],[-86.439864,34.352031],[-86.439841,34.352146]]}},{"type":"Feature","properties":{},"geometry":{"type":"LineString","coordinates":[[-86.430489,34.349993],[-86.430521,34.348935],[-86.430527,34.348547],[-86.43053,34.348473],[-86.430538,34.348428],[-86.430552,34.348384],[-86.430579,34.348347],[-86.430627,34.348325],[-86.430677,34.348308],[-86.430779,34.348308],[-86.430812,34.348306],[-86.430882,34.34831],[-86.431208,34.348358],[-86.431322,34.348372],[-86.43143,34.348377],[-86.431468,34.348371],[-86.43152,34.348358],[-86.431551,34.348348],[-86.431589,34.348329],[-86.431611,34.348312],[-86.431631,34.348285],[-86.431647,34.348261],[-86.431656,34.348223],[-86.431659,34.348186],[-86.43166,34.347757],[-86.431665,34.347281],[-86.431676,34.346779],[-86.431676,34.346548],[-86.431681,34.346507],[-86.431696,34.346488],[-86.431713,34.346479]]}},{"type":"Feature","properties":{},"geometry":{"type":"LineString","coordinates":[[-86.425233,34.34639],[-86.425928,34.346397],[-86.426823,34.3464],[-86.428192,34.3464],[-86.429303,34.346404],[-86.429496,34.346404],[-86.430504,34.346412],[-86.431713,34.346417],[-86.431713,34.346479]]}},{"type":"Feature","properties":{},"geometry":{"type":"LineString","coordinates":[[-86.51683,34.28447],[-86.517139,34.284887],[-86.517092,34.285279],[-86.516854,34.28566],[-86.513677,34.289705],[-86.51263,34.290621],[-86.512,34.29105],[-86.511595,34.291621],[-86.511036,34.292834],[-86.510938,34.293319]]}},{"type":"Feature","properties":{},"geometry":{"type":"LineString","coordinates":[[-86.508038,34.292227],[-86.508216,34.291799],[-86.508383,34.291633],[-86.508656,34.291514],[-86.509037,34.291514],[-86.510048,34.291561],[-86.511595,34.291621]]}},{"type":"Feature","properties":{},"geometry":{"type":"LineString","coordinates":[[-86.504204,34.298957],[-86.503972,34.299516],[-86.503941,34.299653],[-86.503934,34.299789],[-86.503979,34.300109],[-86.504099,34.300622],[-86.504201,34.300861],[-86.504261,34.301246],[-86.504312,34.301656],[-86.504354,34.302225],[-86.504372,34.302587],[-86.504389,34.302704],[-86.504454,34.302829],[-86.504551,34.302886],[-86.504781,34.302897],[-86.50489,34.302903],[-86.504968,34.302946],[-86.505037,34.303061],[-86.505098,34.303131],[-86.505201,34.303168],[-86.505475,34.303174],[-86.505603,34.303174],[-86.50566,34.303189],[-86.505724,34.303274]]}},{"type":"Feature","properties":{},"geometry":{"type":"LineString","coordinates":[[-86.478515,34.31368],[-86.480431,34.314648],[-86.480971,34.314905],[-86.481642,34.315128],[-86.482296,34.315255],[-86.483098,34.315304],[-86.484717,34.315345],[-86.486215,34.31539],[-86.487167,34.315424],[-86.487609,34.315412],[-86.488083,34.315346],[-86.489075,34.315157],[-86.489833,34.315046],[-86.490228,34.315033],[-86.491026,34.315074],[-86.491564,34.315125],[-86.491981,34.315187],[-86.492373,34.315277],[-86.492639,34.315412],[-86.493023,34.315632],[-86.493662,34.31601],[-86.493879,34.316113],[-86.494033,34.31616],[-86.494394,34.316223]]}},{"type":"Feature","properties":{},"geometry":{"type":"LineString","coordinates":[[-86.48971,34.336019],[-86.489662,34.336118],[-86.489596,34.336239],[-86.489478,34.336341]]}},{"type":"Feature","properties":{},"geometry":{"type":"MultiLineString","coordinates":[[[-86.42957,34.32154],[-86.429152,34.321766],[-86.428354,34.322205],[-86.427521,34.322654],[-86.427206,34.322844],[-86.426968,34.322998],[-86.426776,34.323138],[-86.426552,34.323322],[-86.426376,34.323492],[-86.42617,34.323721],[-86.426056,34.32388],[-86.425918,34.324085],[-86.425812,34.324255],[-86.425732,34.324394],[-86.425586,34.324668],[-86.425481,34.324887],[-86.425413,34.325057],[-86.425355,34.325234],[-86.425301,34.325448],[-86.425228,34.325814],[-86.425106,34.3265],[-86.425094,34.326587]],[[-86.425108,34.328615],[-86.42515,34.329169],[-86.425157,34.32936],[-86.425152,34.329531],[-86.425132,34.329719],[-86.425116,34.329792]]]}},{"type":"Feature","properties":{},"geometry":{"type":"LineString","coordinates":[[-86.499581,34.30057],[-86.49958,34.300582],[-86.499582,34.300653],[-86.499589,34.300703],[-86.499622,34.30075],[-86.499691,34.300779],[-86.499702,34.300779],[-86.499712,34.300771],[-86.499728,34.300774],[-86.499796,34.300768],[-86.499844,34.300761],[-86.499958,34.300757],[-86.49999,34.300754],[-86.500034,34.300755],[-86.500083,34.300751],[-86.500256,34.300747],[-86.500289,34.300744],[-86.500368,34.300742],[-86.500396,34.30074],[-86.500433,34.30074]]}},{"type":"Feature","properties":{},"geometry":{"type":"LineString","coordinates":[[-86.480763,34.331807],[-86.480849,34.331908]]}},{"type":"Feature","properties":{},"geometry":{"type":"LineString","coordinates":[[-86.50236,34.336739],[-86.502236,34.336466],[-86.502067,34.33611],[-86.501933,34.335845],[-86.501877,34.335715],[-86.501819,34.335591],[-86.50178,34.335452],[-86.501758,34.335296],[-86.501723,34.334631],[-86.501707,34.334272],[-86.501679,34.333804]]}},{"type":"Feature","properties":{},"geometry":{"type":"LineString","coordinates":[[-86.501134,34.311115],[-86.501172,34.3106],[-86.501185,34.31028],[-86.501188,34.310014],[-86.501218,34.309127],[-86.501218,34.309011],[-86.501207,34.308931],[-86.501176,34.308828],[-86.501038,34.308497],[-86.500893,34.308181],[-86.500853,34.308127]]}},{"type":"Feature","properties":{},"geometry":{"type":"LineString","coordinates":[[-86.500853,34.308127],[-86.500365,34.308118],[-86.500012,34.308109],[-86.499824,34.308113],[-86.499424,34.308137],[-86.49914,34.30816],[-86.498969,34.308176],[-86.49863,34.308204],[-86.498105,34.308261],[-86.497687,34.308303],[-86.497276,34.308349],[-86.497067,34.308373],[-86.496666,34.308428],[-86.496518,34.308466],[-86.496343,34.308558]]}},{"type":"Feature","properties":{},"geometry":{"type":"LineString","coordinates":[[-86.493959,34.309028],[-86.493703,34.309109],[-86.493572,34.309164],[-86.493193,34.309337],[-86.492937,34.309459]]}},{"type":"Feature","properties":{},"geometry":{"type":"LineString","coordinates":[[-86.488163,34.31053],[-86.48915,34.31039],[-86.489725,34.310306],[-86.490403,34.310204],[-86.490674,34.310147],[-86.49075,34.310129],[-86.490935,34.31008],[-86.490952,34.310163]]}},{"type":"Feature","properties":{},"geometry":{"type":"LineString","coordinates":[[-86.441112,34.289257],[-86.440821,34.288796],[-86.440587,34.288437],[-86.440414,34.288154],[-86.440242,34.287894],[-86.440132,34.287748],[-86.439979,34.287556],[-86.439737,34.287282],[-86.439487,34.287063],[-86.43924,34.286861],[-86.439056,34.286726],[-86.438766,34.286553],[-86.438535,34.286437],[-86.43821,34.286288],[-86.437884,34.28616],[-86.437727,34.28611],[-86.437504,34.28605],[-86.43716,34.285972],[-86.436871,34.285923],[-86.436491,34.285878],[-86.436291,34.285862],[-86.435725,34.285826],[-86.435409,34.285797],[-86.435203,34.285775],[-86.435025,34.285748],[-86.434881,34.285712],[-86.434727,34.285666],[-86.434557,34.2856],[-86.434378,34.28552],[-86.434227,34.28543],[-86.434047,34.285307],[-86.433907,34.285193],[-86.433778,34.28507],[-86.433618,34.28488],[-86.433482,34.28466],[-86.433389,34.284456],[-86.433342,34.284306],[-86.433297,34.284127],[-86.433272,34.283896],[-86.433275,34.283657],[-86.433265,34.28342],[-86.433244,34.283271],[-86.433202,34.283103],[-86.433124,34.282875],[-86.432991,34.282624],[-86.432886,34.282486],[-86.432722,34.282293],[-86.432546,34.28213],[-86.432324,34.281973],[-86.432149,34.281867],[-86.431933,34.281768],[-86.431676,34.281681],[-86.431371,34.281595],[-86.430751,34.28143],[-86.430216,34.281293],[-86.429616,34.281134],[-86.429316,34.281047],[-86.428128,34.280742],[-86.427763,34.280655],[-86.427318,34.28056],[-86.427068,34.280518],[-86.426588,34.280451],[-86.426072,34.280399],[-86.425397,34.28036],[-86.425231,34.280357],[-86.424942,34.280361],[-86.424769,34.280369]]}},{"type":"Feature","properties":{},"geometry":{"type":"LineString","coordinates":[[-86.496046,34.3121],[-86.496078,34.311672],[-86.49609,34.311433],[-86.496119,34.311151],[-86.496144,34.310884],[-86.496185,34.310329],[-86.49621,34.310121],[-86.496248,34.309643],[-86.496268,34.309434],[-86.4963,34.309034],[-86.496329,34.30874],[-86.496343,34.308558]]}},{"type":"Feature","properties":{},"geometry":{"type":"LineString","coordinates":[[-86.496543,34.320859],[-86.496398,34.320845],[-86.496233,34.320836],[-86.496042,34.320816],[-86.495998,34.320807],[-86.495986,34.320791]]}},{"type":"Feature","properties":{},"geometry":{"type":"LineString","coordinates":[[-86.499448,34.332627],[-86.499487,34.332698],[-86.499591,34.333001],[-86.499644,34.333138],[-86.499752,34.333439],[-86.499869,34.333772],[-86.499972,34.334023],[-86.499991,34.334084],[-86.499992,34.334111],[-86.499971,34.334134],[-86.499937,34.334153],[-86.499755,34.334205],[-86.499537,34.334253],[-86.499316,34.33428],[-86.498954,34.334291]]}},{"type":"Feature","properties":{},"geometry":{"type":"LineString","coordinates":[[-86.472986,34.307603],[-86.473383,34.307762],[-86.47386,34.308024],[-86.473981,34.308095],[-86.474093,34.308169],[-86.474282,34.308306],[-86.474502,34.308485],[-86.474609,34.30858]]}},{"type":"Feature","properties":{},"geometry":{"type":"LineString","coordinates":[[-86.474609,34.30858],[-86.474938,34.3089],[-86.475128,34.309096],[-86.475407,34.3094],[-86.475601,34.309622],[-86.475772,34.309839],[-86.475878,34.309981],[-86.47629,34.310592],[-86.477495,34.312428],[-86.477651,34.31266],[-86.477909,34.313028],[-86.478031,34.313181],[-86.478134,34.313304],[-86.478231,34.313406],[-86.478301,34.313477],[-86.478515,34.31368]]}},{"type":"Feature","properties":{},"geometry":{"type":"LineString","coordinates":[[-86.496518,34.306552],[-86.496482,34.307022],[-86.49645,34.307408]]}},{"type":"Feature","properties":{},"geometry":{"type":"LineString","coordinates":[[-86.495877,34.314006],[-86.496011,34.314008],[-86.495918,34.315329],[-86.495872,34.316207],[-86.495863,34.316478]]}},{"type":"Feature","properties":{},"geometry":{"type":"LineString","coordinates":[[-86.495184,34.318103],[-86.49513,34.317533],[-86.495099,34.317271],[-86.495087,34.317089],[-86.495084,34.316731],[-86.495094,34.316579],[-86.495096,34.316481],[-86.495128,34.316445]]}},{"type":"Feature","properties":{},"geometry":{"type":"LineString","coordinates":[[-86.495128,34.316445],[-86.495661,34.316531]]}},{"type":"Feature","properties":{},"geometry":{"type":"LineString","coordinates":[[-86.495863,34.316478],[-86.495815,34.316459],[-86.495667,34.316433],[-86.495661,34.316531]]}},{"type":"Feature","properties":{},"geometry":{"type":"LineString","coordinates":[[-86.493688,34.316138],[-86.493858,34.316204],[-86.494027,34.316254],[-86.494463,34.316326]]}},{"type":"Feature","properties":{},"geometry":{"type":"LineString","coordinates":[[-86.496845,34.320962],[-86.496877,34.320936],[-86.496887,34.320418],[-86.49688,34.32032],[-86.496887,34.320229],[-86.496886,34.32011],[-86.497086,34.320109],[-86.497296,34.320115],[-86.497289,34.319955],[-86.497294,34.31979],[-86.497284,34.318316],[-86.4973,34.317782],[-86.497308,34.317578],[-86.497304,34.317503],[-86.497299,34.316404],[-86.497111,34.316449],[-86.496622,34.31658],[-86.496291,34.316664],[-86.496036,34.316725],[-86.495996,34.316719],[-86.495938,34.316695],[-86.495905,34.316663],[-86.4959,34.316611],[-86.495897,34.316519],[-86.495899,34.316484],[-86.495863,34.316478]]}},{"type":"Feature","properties":{},"geometry":{"type":"LineString","coordinates":[[-86.495863,34.313931],[-86.495884,34.31393]]}},{"type":"Feature","properties":{},"geometry":{"type":"LineString","coordinates":[[-86.464117,34.370673],[-86.463984,34.370548],[-86.463779,34.370259],[-86.463749,34.370183],[-86.463744,34.369963],[-86.463752,34.369393],[-86.463758,34.369221],[-86.463769,34.369104],[-86.463789,34.369058],[-86.463837,34.368999],[-86.463927,34.368949],[-86.464004,34.368934],[-86.464087,34.368925],[-86.464184,34.368924],[-86.464284,34.368937],[-86.464407,34.368982],[-86.464502,34.369052],[-86.464556,34.369096],[-86.464617,34.369211],[-86.46465,34.36926],[-86.464688,34.369275],[-86.464749,34.369289],[-86.464811,34.369279],[-86.464854,34.369253],[-86.464883,34.369221]]}},{"type":"Feature","properties":{},"geometry":{"type":"LineString","coordinates":[[-86.450596,34.277895],[-86.450486,34.27867],[-86.450348,34.279681],[-86.450283,34.280102],[-86.450162,34.281017],[-86.450088,34.281514],[-86.449993,34.282211],[-86.449912,34.28274],[-86.449775,34.283546],[-86.449662,34.284174],[-86.449471,34.285314],[-86.449304,34.286414],[-86.449244,34.286822],[-86.449227,34.286949],[-86.449185,34.287232],[-86.449151,34.287402],[-86.449116,34.287525],[-86.449086,34.287614],[-86.44906,34.287669]]}},{"type":"Feature","properties":{},"geometry":{"type":"LineString","coordinates":[[-86.456918,34.295344],[-86.456562,34.295361],[-86.455428,34.295356],[-86.454195,34.295377],[-86.453501,34.295398],[-86.452506,34.295393],[-86.451583,34.295383],[-86.450346,34.295386],[-86.449445,34.295401],[-86.449006,34.295396],[-86.44876,34.295401],[-86.448649,34.295429],[-86.448517,34.295488],[-86.44851,34.295492],[-86.448511,34.295495],[-86.448508,34.295497],[-86.448502,34.295496],[-86.448456,34.295518],[-86.448453,34.295516]]}},{"type":"Feature","properties":{},"geometry":{"type":"LineString","coordinates":[[-86.543103,34.317993],[-86.54297,34.318047],[-86.542952,34.318061],[-86.542859,34.31812],[-86.542766,34.318175],[-86.542561,34.318305],[-86.542513,34.318337],[-86.542462,34.318366],[-86.542417,34.3184],[-86.542374,34.318427],[-86.542328,34.31845],[-86.542234,34.318491],[-86.542214,34.318501],[-86.5422,34.318511]]}},{"type":"Feature","properties":{},"geometry":{"type":"LineString","coordinates":[[-86.543103,34.317993],[-86.543361,34.317887],[-86.543763,34.31775],[-86.544769,34.317432],[-86.544949,34.317369]]}},{"type":"Feature","properties":{},"geometry":{"type":"LineString","coordinates":[[-86.545577,34.31715],[-86.545667,34.31711],[-86.545689,34.317104],[-86.545711,34.317094],[-86.545735,34.317089],[-86.545776,34.317069],[-86.545828,34.31705],[-86.545888,34.317032],[-86.545916,34.317021],[-86.54594,34.317007],[-86.545983,34.316991],[-86.546034,34.316965],[-86.546086,34.31695],[-86.546149,34.316927],[-86.546171,34.316923],[-86.546193,34.316914],[-86.546226,34.316903],[-86.546255,34.316897],[-86.54633,34.316859],[-86.546382,34.316838],[-86.546445,34.31682],[-86.546514,34.316807],[-86.546557,34.316795],[-86.546637,34.316766],[-86.546661,34.316761],[-86.546743,34.316732],[-86.546798,34.316717],[-86.546876,34.316688],[-86.546942,34.316672]]}},{"type":"Feature","properties":{},"geometry":{"type":"LineString","coordinates":[[-86.548143,34.316529],[-86.548168,34.316523],[-86.549827,34.316275],[-86.551535,34.315953],[-86.551828,34.315909]]}},{"type":"Feature","properties":{},"geometry":{"type":"LineString","coordinates":[[-86.551539,34.31594],[-86.551523,34.315902],[-86.551508,34.315825],[-86.551499,34.315697],[-86.551497,34.315577]]}},{"type":"Feature","properties":{},"geometry":{"type":"LineString","coordinates":[[-86.551828,34.315909],[-86.553003,34.315708],[-86.553513,34.315649],[-86.553881,34.315672],[-86.554754,34.315844],[-86.555706,34.316022],[-86.556647,34.316209],[-86.556821,34.316249],[-86.55699,34.316271],[-86.55724,34.316282],[-86.557568,34.316275],[-86.558848,34.316163],[-86.55995,34.316144],[-86.560801,34.316156],[-86.561329,34.316177]]}},{"type":"Feature","properties":{},"geometry":{"type":"LineString","coordinates":[[-86.57101,34.31251],[-86.570957,34.312545],[-86.570932,34.312558],[-86.57086,34.312591],[-86.570693,34.31268],[-86.57068,34.312682],[-86.570582,34.312737],[-86.570525,34.312765],[-86.570443,34.312809],[-86.570388,34.312834],[-86.570296,34.31288],[-86.5702,34.312938],[-86.570158,34.31296],[-86.57013,34.31298],[-86.570075,34.313012],[-86.57002,34.313041],[-86.569993,34.313059],[-86.569948,34.313083]]}},{"type":"Feature","properties":{},"geometry":{"type":"LineString","coordinates":[[-86.57101,34.31251],[-86.571101,34.312466],[-86.571235,34.312408],[-86.571287,34.312384],[-86.571399,34.312343],[-86.571659,34.312253]]}},{"type":"Feature","properties":{},"geometry":{"type":"LineString","coordinates":[[-86.569948,34.313083],[-86.569629,34.313259],[-86.569543,34.313314],[-86.569451,34.313377],[-86.569279,34.313482],[-86.569199,34.313527],[-86.569019,34.313635],[-86.568854,34.313767]]}},{"type":"Feature","properties":{},"geometry":{"type":"LineString","coordinates":[[-86.568854,34.313767],[-86.567088,34.315003],[-86.566644,34.315254]]}},{"type":"Feature","properties":{},"geometry":{"type":"LineString","coordinates":[[-86.5422,34.318511],[-86.541077,34.319033],[-86.540892,34.319112],[-86.540785,34.319153],[-86.540593,34.319208],[-86.54049,34.319235],[-86.53974,34.319329],[-86.53938,34.31935],[-86.539207,34.319353],[-86.539104,34.319353],[-86.538985,34.31934],[-86.538878,34.319348],[-86.538556,34.319311],[-86.538449,34.319296],[-86.537136,34.319063],[-86.536252,34.318909],[-86.535303,34.318765],[-86.535079,34.318714],[-86.534977,34.318685],[-86.534767,34.31864],[-86.534666,34.318621],[-86.534561,34.318591],[-86.534471,34.31855],[-86.534377,34.318517],[-86.534286,34.318479],[-86.5339,34.318327],[-86.533619,34.318212],[-86.533526,34.318195],[-86.533429,34.318164],[-86.533228,34.318136]]}},{"type":"Feature","properties":{},"geometry":{"type":"LineString","coordinates":[[-86.58141,34.312236],[-86.580456,34.312223],[-86.578653,34.312153],[-86.577553,34.312121],[-86.575224,34.312036],[-86.573426,34.311962],[-86.573219,34.31196],[-86.573117,34.311964],[-86.572804,34.311983],[-86.572688,34.311993],[-86.572488,34.312024],[-86.572388,34.312042],[-86.572292,34.312062],[-86.572182,34.312088],[-86.571659,34.312253]]}},{"type":"Feature","properties":{},"geometry":{"type":"LineString","coordinates":[[-86.49428,34.323083],[-86.493982,34.32262],[-86.493738,34.322246],[-86.49369,34.322178],[-86.493576,34.321988],[-86.493454,34.321793],[-86.493346,34.321634],[-86.493289,34.321555],[-86.493126,34.321301]]}},{"type":"Feature","properties":{},"geometry":{"type":"LineString","coordinates":[[-86.457265,34.292706],[-86.457256,34.29316],[-86.457306,34.293703],[-86.457321,34.293947],[-86.457299,34.294309],[-86.457314,34.294405],[-86.457317,34.294515],[-86.457301,34.294654],[-86.45729,34.294863],[-86.457294,34.295066],[-86.457308,34.295152],[-86.457337,34.295269]]}},{"type":"Feature","properties":{},"geometry":{"type":"LineString","coordinates":[[-86.456918,34.295344],[-86.457078,34.29533],[-86.457154,34.295317],[-86.457284,34.295286],[-86.457337,34.295269]]}},{"type":"Feature","properties":{},"geometry":{"type":"LineString","coordinates":[[-86.475497,34.301357],[-86.475316,34.301424],[-86.474951,34.301674],[-86.474741,34.301874],[-86.474622,34.301998],[-86.474384,34.302268],[-86.474253,34.302422],[-86.474095,34.302641],[-86.473706,34.303153]]}},{"type":"Feature","properties":{},"geometry":{"type":"LineString","coordinates":[[-86.476551,34.300956],[-86.476461,34.301008],[-86.476273,34.301096],[-86.476178,34.301138],[-86.47598,34.301209],[-86.475877,34.301234],[-86.475497,34.301357]]}},{"type":"Feature","properties":{},"geometry":{"type":"LineString","coordinates":[[-86.476551,34.300956],[-86.476645,34.300891],[-86.476727,34.300828],[-86.477037,34.300574],[-86.477195,34.300439],[-86.477267,34.30037],[-86.477329,34.300305],[-86.478114,34.29953],[-86.478972,34.298536],[-86.479035,34.298461],[-86.47911,34.29839],[-86.479186,34.298323],[-86.479481,34.298129],[-86.47957,34.298079],[-86.479663,34.29803],[-86.47978,34.297983],[-86.479865,34.29794],[-86.479951,34.297893],[-86.480032,34.297833],[-86.480029,34.297758],[-86.480037,34.297672],[-86.480091,34.297593],[-86.480508,34.296707],[-86.480802,34.296052],[-86.481338,34.294382],[-86.481349,34.29429],[-86.481351,34.294237]]}},{"type":"Feature","properties":{},"geometry":{"type":"LineString","coordinates":[[-86.481356,34.294232],[-86.481462,34.294232],[-86.481619,34.294233]]}},{"type":"Feature","properties":{},"geometry":{"type":"LineString","coordinates":[[-86.481341,34.294238],[-86.481295,34.294245],[-86.481139,34.294248],[-86.480684,34.294237]]}},{"type":"Feature","properties":{},"geometry":{"type":"LineString","coordinates":[[-86.481465,34.292211],[-86.481464,34.29212],[-86.481465,34.292092],[-86.481397,34.290838],[-86.48132,34.289473]]}},{"type":"Feature","properties":{},"geometry":{"type":"LineString","coordinates":[[-86.481317,34.289473],[-86.481213,34.289467],[-86.481108,34.289469],[-86.480894,34.289468],[-86.480798,34.289466]]}},{"type":"Feature","properties":{},"geometry":{"type":"LineString","coordinates":[[-86.481457,34.28556],[-86.481461,34.285524],[-86.481477,34.28544],[-86.481509,34.284546],[-86.481532,34.283306],[-86.48153,34.282994],[-86.481563,34.282088],[-86.481595,34.280844],[-86.481601,34.280755]]}},{"type":"Feature","properties":{},"geometry":{"type":"LineString","coordinates":[[-86.481601,34.280755],[-86.481564,34.280673],[-86.481629,34.279279],[-86.481645,34.279103],[-86.481647,34.279036]]}},{"type":"Feature","properties":{},"geometry":{"type":"LineString","coordinates":[[-86.481639,34.279031],[-86.481526,34.279008],[-86.481436,34.278991]]}},{"type":"Feature","properties":{},"geometry":{"type":"LineString","coordinates":[[-86.481649,34.279031],[-86.481769,34.279055],[-86.481878,34.279073],[-86.481911,34.279082]]}},{"type":"Feature","properties":{},"geometry":{"type":"LineString","coordinates":[[-86.481701,34.278185],[-86.48172,34.277734]]}},{"type":"Feature","properties":{},"geometry":{"type":"LineString","coordinates":[[-86.442572,34.291116],[-86.44265,34.291049],[-86.442666,34.291034]]}},{"type":"Feature","properties":{},"geometry":{"type":"LineString","coordinates":[[-86.442591,34.291139],[-86.442668,34.291207],[-86.442707,34.291239]]}},{"type":"Feature","properties":{},"geometry":{"type":"LineString","coordinates":[[-86.481442,34.286154],[-86.481373,34.286249],[-86.481339,34.286306]]}},{"type":"Feature","properties":{},"geometry":{"type":"LineString","coordinates":[[-86.47009,34.277795],[-86.470107,34.277803]]}},{"type":"Feature","properties":{},"geometry":{"type":"LineString","coordinates":[[-86.473716,34.278643],[-86.473824,34.278624],[-86.474038,34.278597],[-86.474497,34.278531],[-86.474616,34.278517],[-86.474726,34.278507],[-86.47519,34.278473],[-86.475291,34.27847],[-86.475626,34.278464],[-86.475731,34.278466],[-86.47584,34.278471],[-86.476149,34.278485],[-86.476687,34.278526],[-86.476797,34.278529],[-86.477042,34.278543],[-86.477113,34.278544]]}},{"type":"Feature","properties":{},"geometry":{"type":"LineString","coordinates":[[-86.477118,34.278529],[-86.477136,34.27844],[-86.477142,34.278354],[-86.477237,34.278336],[-86.477266,34.278253],[-86.477266,34.278173],[-86.477272,34.278109],[-86.47726,34.278039]]}},{"type":"Feature","properties":{},"geometry":{"type":"LineString","coordinates":[[-86.477404,34.278558],[-86.477743,34.278573],[-86.477869,34.278574],[-86.477989,34.27858],[-86.478093,34.278589],[-86.478314,34.278599],[-86.4788,34.278624],[-86.479007,34.278638],[-86.479395,34.278657],[-86.479521,34.278665],[-86.479638,34.278675],[-86.479952,34.278707],[-86.480084,34.278726],[-86.480199,34.278747],[-86.480309,34.278763],[-86.480415,34.278783],[-86.480528,34.278806],[-86.480629,34.278829],[-86.480776,34.278848],[-86.48088,34.278872]]}},{"type":"Feature","properties":{},"geometry":{"type":"LineString","coordinates":[[-86.475495,34.301366],[-86.475491,34.301359]]}},{"type":"Feature","properties":{},"geometry":{"type":"LineString","coordinates":[[-86.481356,34.294232],[-86.481351,34.294232]]}},{"type":"Feature","properties":{},"geometry":{"type":"LineString","coordinates":[[-86.481341,34.294238],[-86.481351,34.294237]]}},{"type":"Feature","properties":{},"geometry":{"type":"LineString","coordinates":[[-86.481351,34.294232],[-86.481352,34.294205]]}},{"type":"Feature","properties":{},"geometry":{"type":"LineString","coordinates":[[-86.481351,34.294237],[-86.481351,34.294232]]}},{"type":"Feature","properties":{},"geometry":{"type":"LineString","coordinates":[[-86.481465,34.292211],[-86.481474,34.292413],[-86.481483,34.292681],[-86.481478,34.292887],[-86.481446,34.293326]]}},{"type":"Feature","properties":{},"geometry":{"type":"LineString","coordinates":[[-86.481446,34.293326],[-86.481427,34.293534],[-86.481409,34.293744],[-86.481391,34.293898],[-86.481365,34.294093],[-86.481352,34.294205]]}},{"type":"Feature","properties":{},"geometry":{"type":"LineString","coordinates":[[-86.481317,34.289473],[-86.48132,34.289473]]}},{"type":"Feature","properties":{},"geometry":{"type":"LineString","coordinates":[[-86.48132,34.289473],[-86.48132,34.289464],[-86.481316,34.289389],[-86.481311,34.289305],[-86.481312,34.289211],[-86.481311,34.289126]]}},{"type":"Feature","properties":{},"geometry":{"type":"LineString","coordinates":[[-86.481311,34.289126],[-86.481309,34.287958],[-86.481323,34.286483],[-86.481339,34.286306]]}},{"type":"Feature","properties":{},"geometry":{"type":"LineString","coordinates":[[-86.481457,34.28556],[-86.481442,34.286154]]}},{"type":"Feature","properties":{},"geometry":{"type":"LineString","coordinates":[[-86.48088,34.278872],[-86.481082,34.278923],[-86.481208,34.278951],[-86.481436,34.278991]]}},{"type":"Feature","properties":{},"geometry":{"type":"LineString","coordinates":[[-86.481647,34.279036],[-86.481645,34.279025]]}},{"type":"Feature","properties":{},"geometry":{"type":"LineString","coordinates":[[-86.481701,34.278185],[-86.481674,34.278518],[-86.481647,34.278839],[-86.481645,34.279025]]}},{"type":"Feature","properties":{},"geometry":{"type":"LineString","coordinates":[[-86.481639,34.279031],[-86.481646,34.279032]]}},{"type":"Feature","properties":{},"geometry":{"type":"LineString","coordinates":[[-86.477113,34.278543],[-86.477113,34.278544]]}},{"type":"Feature","properties":{},"geometry":{"type":"LineString","coordinates":[[-86.477113,34.278543],[-86.477118,34.278529]]}},{"type":"Feature","properties":{},"geometry":{"type":"LineString","coordinates":[[-86.477113,34.278544],[-86.477117,34.278544],[-86.477222,34.278548],[-86.477404,34.278558]]}},{"type":"Feature","properties":{},"geometry":{"type":"LineString","coordinates":[[-86.441827,34.29018],[-86.441112,34.289257]]}},{"type":"Feature","properties":{},"geometry":{"type":"LineString","coordinates":[[-86.441829,34.290182],[-86.441827,34.29018]]}},{"type":"Feature","properties":{},"geometry":{"type":"LineString","coordinates":[[-86.442591,34.291139],[-86.442572,34.291116]]}},{"type":"Feature","properties":{},"geometry":{"type":"LineString","coordinates":[[-86.442572,34.291116],[-86.442549,34.291125]]}},{"type":"Feature","properties":{},"geometry":{"type":"LineString","coordinates":[[-86.472986,34.307603],[-86.472585,34.307465],[-86.472043,34.307294],[-86.471526,34.307136],[-86.471371,34.30708],[-86.470519,34.306816],[-86.469896,34.306613],[-86.469309,34.306426],[-86.468154,34.306071],[-86.467903,34.306006],[-86.467555,34.305936],[-86.467098,34.305852],[-86.466717,34.305789],[-86.466421,34.305757],[-86.465778,34.305693],[-86.465214,34.305656],[-86.464551,34.305595],[-86.463707,34.30553],[-86.462757,34.305469],[-86.462377,34.305438],[-86.462185,34.305423],[-86.46166,34.305344],[-86.461402,34.305293],[-86.461154,34.305232],[-86.460845,34.30514],[-86.460487,34.305025],[-86.460102,34.304875],[-86.459896,34.304787],[-86.459555,34.304603],[-86.459396,34.304512],[-86.459204,34.304395],[-86.458995,34.304254],[-86.458828,34.304133],[-86.45845,34.303838],[-86.457951,34.303422],[-86.457577,34.303093],[-86.457305,34.302872],[-86.457155,34.302739],[-86.456915,34.302555],[-86.456142,34.301898],[-86.455869,34.30167],[-86.45561,34.301441],[-86.454899,34.300834],[-86.454544,34.30055],[-86.453995,34.300081],[-86.453793,34.299923],[-86.453481,34.29967],[-86.453358,34.299567],[-86.453226,34.299447],[-86.452788,34.299071],[-86.452679,34.29898],[-86.452581,34.298901],[-86.452454,34.298792],[-86.452239,34.298612],[-86.452084,34.298477],[-86.451839,34.298275],[-86.451435,34.297949],[-86.451136,34.297701],[-86.450835,34.297456],[-86.450439,34.297104],[-86.449946,34.296689],[-86.449685,34.296476],[-86.449489,34.296312],[-86.44934,34.296193],[-86.448795,34.295725],[-86.448443,34.295442],[-86.448307,34.295339],[-86.448161,34.295233],[-86.447867,34.295014],[-86.447591,34.294811],[-86.447203,34.294523],[-86.446907,34.294307],[-86.446575,34.294067],[-86.445682,34.293412],[-86.445373,34.293194],[-86.44469,34.292688],[-86.444436,34.292507],[-86.444137,34.292285],[-86.443559,34.291862],[-86.443174,34.291575],[-86.442899,34.291385],[-86.44276,34.291283],[-86.442707,34.291239]]}},{"type":"Feature","properties":{},"geometry":{"type":"LineString","coordinates":[[-86.442549,34.291125],[-86.442474,34.291158],[-86.442483,34.291389],[-86.442485,34.29162],[-86.442393,34.291617]]}},{"type":"Feature","properties":{},"geometry":{"type":"LineString","coordinates":[[-86.441829,34.290182],[-86.442001,34.290384],[-86.442165,34.29055],[-86.442362,34.290736],[-86.44259,34.290966],[-86.442666,34.291034]]}},{"type":"Feature","properties":{},"geometry":{"type":"LineString","coordinates":[[-86.448499,34.295487],[-86.448453,34.295516]]}},{"type":"Feature","properties":{},"geometry":{"type":"LineString","coordinates":[[-86.481619,34.294233],[-86.482606,34.294307],[-86.484225,34.294409],[-86.485102,34.294491],[-86.485405,34.294557],[-86.486788,34.295029],[-86.488013,34.295493],[-86.488812,34.295792],[-86.489345,34.295966],[-86.489861,34.296058],[-86.490361,34.296057],[-86.491367,34.296039],[-86.492042,34.296022],[-86.492436,34.29596],[-86.492582,34.295933]]}},{"type":"Feature","properties":{},"geometry":{"type":"LineString","coordinates":[[-86.482718,34.298697],[-86.482679,34.298207],[-86.482642,34.297599],[-86.48258,34.296413],[-86.48254,34.295735],[-86.482548,34.295205],[-86.482668,34.29432]]}},{"type":"Feature","properties":{},"geometry":{"type":"LineString","coordinates":[[-86.479646,34.29419],[-86.479625,34.294199],[-86.4796,34.294222],[-86.479579,34.294251],[-86.479543,34.294265],[-86.479506,34.29427],[-86.479416,34.294252],[-86.479284,34.294243],[-86.479148,34.294247],[-86.479013,34.294235],[-86.478906,34.294238],[-86.478808,34.294234],[-86.4787,34.294226],[-86.478389,34.294188],[-86.478285,34.294181],[-86.478141,34.29418],[-86.478131,34.294185],[-86.477611,34.294319],[-86.477487,34.294355],[-86.4774,34.294372],[-86.477273,34.294366],[-86.477147,34.294371],[-86.477047,34.294368],[-86.476889,34.294371],[-86.47672,34.294383],[-86.476353,34.294401],[-86.47611,34.294416],[-86.475892,34.29443],[-86.475784,34.294438],[-86.475666,34.294444],[-86.475336,34.294455],[-86.475109,34.294467],[-86.474759,34.294482],[-86.474524,34.294502],[-86.474305,34.294524],[-86.474105,34.294558],[-86.473885,34.2946],[-86.473568,34.294675],[-86.473447,34.294712],[-86.473333,34.294763],[-86.473233,34.294828],[-86.473156,34.294909],[-86.473098,34.295006],[-86.473057,34.295104],[-86.473038,34.295194],[-86.47301,34.295398],[-86.47301,34.295574],[-86.473017,34.295764],[-86.473021,34.295859],[-86.473039,34.29613],[-86.473041,34.29622],[-86.473063,34.296682],[-86.473092,34.297176],[-86.473106,34.297372],[-86.473116,34.29757],[-86.473124,34.297657],[-86.473123,34.29774],[-86.473141,34.298019],[-86.473177,34.298495],[-86.473176,34.298684],[-86.473191,34.298877],[-86.473221,34.299358],[-86.47323,34.299522],[-86.473238,34.299624],[-86.473243,34.299714],[-86.473239,34.299809],[-86.473244,34.299912],[-86.473252,34.300181],[-86.473273,34.300495],[-86.473275,34.300604],[-86.473282,34.300707],[-86.47329,34.300902],[-86.47331,34.301297],[-86.473314,34.301403],[-86.473322,34.301499],[-86.473332,34.301693],[-86.473339,34.301902],[-86.473366,34.302335],[-86.473378,34.302449],[-86.473395,34.302664],[-86.473412,34.302762],[-86.47343,34.302952],[-86.47344,34.303042],[-86.473467,34.303218],[-86.473483,34.303247],[-86.473501,34.303254],[-86.473594,34.303312]]}},{"type":"Feature","properties":{},"geometry":{"type":"LineString","coordinates":[[-86.473142,34.298037],[-86.473042,34.298009],[-86.472958,34.297988],[-86.472254,34.297984],[-86.471325,34.297966],[-86.471005,34.297962],[-86.470685,34.297961],[-86.470563,34.297985],[-86.470493,34.298045],[-86.470467,34.298139],[-86.470465,34.298224],[-86.47048,34.298404],[-86.470494,34.298484],[-86.470563,34.298564],[-86.470681,34.298591],[-86.470778,34.2986],[-86.471129,34.298607],[-86.471774,34.298612],[-86.472123,34.298617],[-86.472336,34.298625],[-86.472684,34.298629],[-86.4728,34.298628],[-86.472899,34.29863],[-86.473032,34.298627]]}},{"type":"Feature","properties":{},"geometry":{"type":"LineString","coordinates":[[-86.480798,34.289466],[-86.478542,34.289428],[-86.477139,34.289406],[-86.476389,34.289385],[-86.475368,34.289378],[-86.47392,34.289353],[-86.472596,34.289347],[-86.47164,34.289333],[-86.470391,34.289309],[-86.470283,34.289315],[-86.470172,34.289313],[-86.470047,34.289309],[-86.469934,34.289302],[-86.469817,34.289291],[-86.469702,34.289275],[-86.469593,34.289248],[-86.469487,34.289214],[-86.469374,34.289173],[-86.469082,34.289036],[-86.46899,34.28899],[-86.468791,34.288896],[-86.4686,34.288812],[-86.468502,34.288763],[-86.468387,34.288712],[-86.468192,34.288615],[-86.468094,34.288556],[-86.467905,34.288461],[-86.4678,34.288367],[-86.46773,34.28829],[-86.467679,34.288216],[-86.467632,34.288134],[-86.467591,34.288048],[-86.467555,34.287964],[-86.467488,34.287798],[-86.467454,34.287719],[-86.46741,34.287631],[-86.467336,34.287468],[-86.467297,34.287395],[-86.467184,34.28715],[-86.467059,34.286891],[-86.467022,34.286799],[-86.466977,34.286704],[-86.466927,34.28663],[-86.466876,34.286536],[-86.466813,34.286449],[-86.466654,34.286296],[-86.46656,34.286242],[-86.466466,34.286167],[-86.466371,34.286122],[-86.466292,34.28608],[-86.466178,34.286042],[-86.466104,34.286003],[-86.46538,34.285694],[-86.465274,34.285664],[-86.465158,34.285625],[-86.465059,34.285596],[-86.464954,34.285561],[-86.464822,34.28554],[-86.464692,34.285522],[-86.464507,34.285522],[-86.464358,34.285529],[-86.464071,34.285549],[-86.463675,34.285559],[-86.463126,34.285577],[-86.463023,34.285578],[-86.462807,34.285579],[-86.462584,34.285573],[-86.462213,34.285567],[-86.462062,34.285566],[-86.461916,34.285567],[-86.461431,34.285564],[-86.4613,34.285561],[-86.461066,34.285561],[-86.460958,34.285559],[-86.460479,34.28556]]}},{"type":"Feature","properties":{},"geometry":{"type":"LineString","coordinates":[[-86.459507,34.285293],[-86.459503,34.285195],[-86.459503,34.28512]]}},{"type":"Feature","properties":{},"geometry":{"type":"LineString","coordinates":[[-86.459571,34.285587],[-86.459548,34.285605],[-86.459536,34.285705],[-86.459525,34.286058]]}},{"type":"Feature","properties":{},"geometry":{"type":"LineString","coordinates":[[-86.459572,34.285587],[-86.459693,34.285554],[-86.460479,34.28556]]}},{"type":"Feature","properties":{},"geometry":{"type":"LineString","coordinates":[[-86.459525,34.286058],[-86.45951,34.286408],[-86.45951,34.286505],[-86.459504,34.286595],[-86.459495,34.286655],[-86.45948,34.2872],[-86.459474,34.287755],[-86.459475,34.287838],[-86.459485,34.287934],[-86.459485,34.288027],[-86.459481,34.288125],[-86.459478,34.288317],[-86.45948,34.288408],[-86.459477,34.288495],[-86.459479,34.288595],[-86.459474,34.288686],[-86.459478,34.288785],[-86.459472,34.288883],[-86.459481,34.288987],[-86.459535,34.289926],[-86.459526,34.290031],[-86.459545,34.290133],[-86.459542,34.290231],[-86.45958,34.290414],[-86.459587,34.290619],[-86.459597,34.290714],[-86.459648,34.29098],[-86.459729,34.291182],[-86.459773,34.291268],[-86.459875,34.291456],[-86.459927,34.29155],[-86.459975,34.291631],[-86.460028,34.29171],[-86.460092,34.291798],[-86.460146,34.291881],[-86.460204,34.29196],[-86.460257,34.292037],[-86.460288,34.292133],[-86.460331,34.292327],[-86.460352,34.292434],[-86.460374,34.292533],[-86.460386,34.292626],[-86.460426,34.292802],[-86.460457,34.292896],[-86.460484,34.292991],[-86.46048,34.293096],[-86.460453,34.29318],[-86.46043,34.293225],[-86.46039,34.293266],[-86.460303,34.293344],[-86.460216,34.293402],[-86.460116,34.293465],[-86.460025,34.293534],[-86.459878,34.293672],[-86.459812,34.293748],[-86.459731,34.293829],[-86.459655,34.293892],[-86.459579,34.293984],[-86.459501,34.294065],[-86.45937,34.294221],[-86.459319,34.29427],[-86.459214,34.29431],[-86.45898,34.294388]]}},{"type":"Feature","properties":{},"geometry":{"type":"LineString","coordinates":[[-86.45898,34.294388],[-86.458882,34.294421],[-86.458765,34.294455],[-86.458673,34.294488],[-86.458571,34.294531],[-86.458456,34.29459],[-86.458367,34.294659],[-86.458297,34.294724],[-86.458234,34.294788],[-86.458076,34.294956],[-86.457989,34.295039],[-86.457887,34.295118],[-86.457782,34.295184],[-86.457681,34.295237],[-86.457592,34.295276],[-86.457359,34.295353],[-86.457337,34.295269]]}},{"type":"Feature","properties":{},"geometry":{"type":"LineString","coordinates":[[-86.459402,34.294292],[-86.459414,34.294336],[-86.459927,34.294831],[-86.460005,34.29486],[-86.460158,34.294952],[-86.460286,34.295066],[-86.460963,34.295404],[-86.461068,34.29545],[-86.461172,34.2955],[-86.461263,34.295548],[-86.461359,34.295603],[-86.461624,34.295767],[-86.461877,34.295935],[-86.462593,34.296393],[-86.462843,34.296561],[-86.462929,34.296616],[-86.463021,34.296662],[-86.46312,34.296721],[-86.463979,34.297133],[-86.464081,34.297179],[-86.464176,34.297228],[-86.464445,34.297399],[-86.464544,34.297459],[-86.464629,34.297534],[-86.46469,34.297595],[-86.464772,34.297669],[-86.464834,34.297738],[-86.465076,34.297974],[-86.465147,34.298061],[-86.465214,34.298124],[-86.465286,34.298204],[-86.465338,34.298286],[-86.46546,34.298437],[-86.46552,34.298529],[-86.465618,34.298687],[-86.465648,34.298761],[-86.465677,34.298844],[-86.465715,34.298935],[-86.465755,34.299013],[-86.465774,34.299103],[-86.465755,34.299124],[-86.465691,34.299172],[-86.465717,34.299263],[-86.465717,34.299261]]}},{"type":"Feature","properties":{},"geometry":{"type":"LineString","coordinates":[[-86.466567,34.305547],[-86.466556,34.305646],[-86.466582,34.305739],[-86.4666,34.305777],[-86.466604,34.305778]]}},{"type":"Feature","properties":{},"geometry":{"type":"LineString","coordinates":[[-86.466604,34.305778],[-86.466604,34.305777]]}},{"type":"Feature","properties":{},"geometry":{"type":"LineString","coordinates":[[-86.466567,34.305547],[-86.466588,34.305401],[-86.466603,34.305238],[-86.466613,34.304919],[-86.466613,34.304661],[-86.466617,34.304428],[-86.466634,34.303742],[-86.466638,34.303513],[-86.466652,34.303061],[-86.46665,34.302926],[-86.466637,34.302806],[-86.466607,34.302621],[-86.466536,34.302338],[-86.466219,34.301178],[-86.466103,34.300709],[-86.466005,34.300282],[-86.465966,34.300103],[-86.46594,34.300016],[-86.465901,34.299833],[-86.46584,34.299612],[-86.465717,34.299261]]}},{"type":"Feature","properties":{},"geometry":{"type":"LineString","coordinates":[[-86.459402,34.294292],[-86.45939,34.294259],[-86.459362,34.294229]]}},{"type":"Feature","properties":{},"geometry":{"type":"LineString","coordinates":[[-86.460479,34.28556],[-86.460475,34.285542],[-86.460475,34.285478],[-86.460452,34.285475],[-86.459771,34.285468],[-86.459663,34.285459],[-86.459563,34.28542],[-86.459516,34.28536],[-86.459507,34.285293]]}},{"type":"Feature","properties":{},"geometry":{"type":"LineString","coordinates":[[-86.482668,34.29432],[-86.482669,34.294311]]}},{"type":"Feature","properties":{},"geometry":{"type":"LineString","coordinates":[[-86.480684,34.294237],[-86.479985,34.294207],[-86.479646,34.29419]]}},{"type":"Feature","properties":{},"geometry":{"type":"LineString","coordinates":[[-86.473143,34.298038],[-86.473142,34.298037]]}},{"type":"Feature","properties":{},"geometry":{"type":"LineString","coordinates":[[-86.473032,34.298627],[-86.473176,34.298624]]}},{"type":"Feature","properties":{},"geometry":{"type":"LineString","coordinates":[[-86.473603,34.303306],[-86.473651,34.303228],[-86.473699,34.303166],[-86.473706,34.303153]]}},{"type":"Feature","properties":{},"geometry":{"type":"LineString","coordinates":[[-86.473594,34.303312],[-86.473597,34.303314]]}},{"type":"Feature","properties":{},"geometry":{"type":"LineString","coordinates":[[-86.473716,34.278643],[-86.473332,34.278688],[-86.473037,34.278715],[-86.472779,34.278726],[-86.472552,34.278724],[-86.472267,34.2787],[-86.471976,34.278659],[-86.471733,34.278603],[-86.471558,34.27855],[-86.471254,34.278402],[-86.470674,34.278096],[-86.470107,34.277803]]}},{"type":"Feature","properties":{},"geometry":{"type":"LineString","coordinates":[[-86.561287,34.316181],[-86.561295,34.316365],[-86.561308,34.316453],[-86.561307,34.316506],[-86.561289,34.316654],[-86.561206,34.317789],[-86.561065,34.319007],[-86.560966,34.319621],[-86.560944,34.319788],[-86.560941,34.319876],[-86.560949,34.319962],[-86.560979,34.320158],[-86.561114,34.320897],[-86.561172,34.321766],[-86.561123,34.322093],[-86.561047,34.322515],[-86.561059,34.322677],[-86.561063,34.322766],[-86.561063,34.322932],[-86.561024,34.323726],[-86.561002,34.325162],[-86.560982,34.325345],[-86.560956,34.325427],[-86.560961,34.326131],[-86.560921,34.327757],[-86.560913,34.328488]]}},{"type":"Feature","properties":{},"geometry":{"type":"LineString","coordinates":[[-86.562304,34.330559],[-86.562382,34.330621],[-86.562415,34.330651],[-86.562435,34.330705],[-86.562426,34.330794],[-86.562418,34.330898]]}},{"type":"Feature","properties":{},"geometry":{"type":"LineString","coordinates":[[-86.562199,34.332339],[-86.562008,34.332477],[-86.561837,34.332541],[-86.561748,34.332531],[-86.561635,34.332508],[-86.561518,34.332499],[-86.561448,34.332509],[-86.561401,34.33254],[-86.561333,34.332636],[-86.561089,34.332998],[-86.561002,34.333207],[-86.560862,34.334051],[-86.560792,34.334341]]}},{"type":"Feature","properties":{},"geometry":{"type":"LineString","coordinates":[[-86.557227,34.338579],[-86.557055,34.338744],[-86.556955,34.338863]]}},{"type":"Feature","properties":{},"geometry":{"type":"LineString","coordinates":[[-86.560167,34.347309],[-86.5602,34.347404],[-86.560228,34.347502],[-86.560242,34.347608],[-86.560251,34.347693],[-86.560256,34.347949],[-86.56027,34.348041],[-86.560278,34.34814],[-86.560278,34.348236],[-86.560265,34.348689],[-86.560255,34.348871],[-86.560257,34.349134],[-86.560249,34.34932],[-86.560218,34.350485],[-86.560208,34.350571],[-86.560218,34.350684],[-86.560208,34.350765],[-86.560207,34.35095],[-86.560204,34.350991],[-86.560184,34.351604],[-86.560173,34.352497],[-86.560168,34.352678],[-86.560162,34.352774],[-86.560145,34.352869],[-86.560156,34.352962],[-86.560156,34.353261],[-86.560162,34.353361],[-86.560155,34.353449],[-86.56016,34.353637],[-86.560135,34.353817],[-86.560112,34.353916],[-86.560096,34.354014],[-86.56005,34.354088],[-86.560011,34.35416],[-86.559955,34.354249],[-86.559894,34.354321],[-86.559832,34.354386],[-86.559522,34.354665],[-86.559361,34.354806],[-86.559197,34.354932],[-86.559091,34.354987],[-86.559,34.355043],[-86.558799,34.355144],[-86.558694,34.355183],[-86.55859,34.35521],[-86.558484,34.355235],[-86.558151,34.355306],[-86.558054,34.355336],[-86.557962,34.355384],[-86.557877,34.355447],[-86.557808,34.355508],[-86.557739,34.355586],[-86.557683,34.355663],[-86.557626,34.355751],[-86.557576,34.355836],[-86.557539,34.355913],[-86.55752,34.356002],[-86.557517,34.35609],[-86.557524,34.356182],[-86.557604,34.356776]]}},{"type":"Feature","properties":{},"geometry":{"type":"LineString","coordinates":[[-86.555699,34.364049],[-86.555718,34.363915]]}},{"type":"Feature","properties":{},"geometry":{"type":"LineString","coordinates":[[-86.561287,34.316176],[-86.561287,34.316181]]}},{"type":"Feature","properties":{},"geometry":{"type":"LineString","coordinates":[[-86.560913,34.328488],[-86.560923,34.328582],[-86.560975,34.328877],[-86.561027,34.329059],[-86.561052,34.329135],[-86.561129,34.329304],[-86.561211,34.329468],[-86.56127,34.329581],[-86.561351,34.32972],[-86.561417,34.329815],[-86.561496,34.329904],[-86.561578,34.329993],[-86.561663,34.330071],[-86.561824,34.330206],[-86.562116,34.330422],[-86.562231,34.330502],[-86.562304,34.330559]]}},{"type":"Feature","properties":{},"geometry":{"type":"LineString","coordinates":[[-86.562199,34.332339],[-86.562249,34.332303],[-86.562308,34.332242],[-86.562367,34.332162],[-86.562412,34.332069],[-86.562442,34.331949],[-86.562449,34.331911],[-86.562457,34.331811],[-86.562453,34.331638],[-86.562427,34.33134],[-86.562409,34.331112],[-86.562411,34.330928],[-86.562418,34.330898]]}},{"type":"Feature","properties":{},"geometry":{"type":"LineString","coordinates":[[-86.557227,34.338579],[-86.557399,34.33843],[-86.557708,34.338184],[-86.557909,34.338056],[-86.558194,34.337917],[-86.558401,34.337843],[-86.559014,34.337642],[-86.559653,34.33744],[-86.559812,34.337374],[-86.559949,34.337305],[-86.560071,34.337231],[-86.56017,34.337155],[-86.560238,34.337081],[-86.560359,34.336926],[-86.560408,34.336831],[-86.56047,34.336673],[-86.560518,34.336532],[-86.560544,34.336404],[-86.56057,34.336193],[-86.560596,34.335932],[-86.56061,34.33566],[-86.560622,34.335348],[-86.56063,34.335212],[-86.560645,34.335071],[-86.560675,34.334879],[-86.560726,34.334626],[-86.560792,34.334341]]}},{"type":"Feature","properties":{},"geometry":{"type":"LineString","coordinates":[[-86.560167,34.347309],[-86.560064,34.347024],[-86.560005,34.346823],[-86.559985,34.346737],[-86.559948,34.346505],[-86.559877,34.345753],[-86.559838,34.345599],[-86.559791,34.345473],[-86.55972,34.345319],[-86.559592,34.345142],[-86.559417,34.344939],[-86.559179,34.344669],[-86.558845,34.344298]]}},{"type":"Feature","properties":{},"geometry":{"type":"LineString","coordinates":[[-86.558845,34.344298],[-86.558661,34.344102],[-86.558405,34.343822],[-86.55827,34.343666],[-86.557955,34.343273],[-86.557778,34.343057],[-86.557704,34.342973],[-86.557593,34.342854],[-86.557414,34.342656],[-86.557275,34.34251],[-86.557203,34.342424],[-86.557137,34.342329],[-86.556893,34.341988],[-86.556767,34.341765]]}},{"type":"Feature","properties":{},"geometry":{"type":"LineString","coordinates":[[-86.556955,34.338863],[-86.556896,34.338914],[-86.55684,34.338984],[-86.556787,34.339089],[-86.556686,34.339317],[-86.556621,34.339527],[-86.556592,34.339639],[-86.556568,34.339755],[-86.556526,34.339996],[-86.556481,34.34039],[-86.556441,34.340601],[-86.55642,34.340758],[-86.556411,34.340902],[-86.556426,34.34103],[-86.556484,34.341185]]}},{"type":"Feature","properties":{},"geometry":{"type":"LineString","coordinates":[[-86.555718,34.363915],[-86.555719,34.363573],[-86.555715,34.363197],[-86.555714,34.362438],[-86.555731,34.362109],[-86.555738,34.362026],[-86.555752,34.361903],[-86.555777,34.361751],[-86.555808,34.361638],[-86.555862,34.361502],[-86.556044,34.361188],[-86.556437,34.360556],[-86.556626,34.360263],[-86.556895,34.359779],[-86.557199,34.35926],[-86.557337,34.359035],[-86.557429,34.358856],[-86.55754,34.358612],[-86.557598,34.358441],[-86.557675,34.358167],[-86.557708,34.358019],[-86.55772,34.357816],[-86.557721,34.357574],[-86.557707,34.357405],[-86.557604,34.356776]]}},{"type":"Feature","properties":{},"geometry":{"type":"LineString","coordinates":[[-86.495778,34.320696],[-86.495637,34.32068],[-86.49549,34.32068],[-86.495284,34.320688],[-86.495218,34.320688],[-86.495141,34.320685],[-86.495099,34.320655],[-86.49506,34.320581],[-86.495034,34.320496],[-86.494985,34.320442],[-86.494941,34.320438]]}},{"type":"Feature","properties":{},"geometry":{"type":"LineString","coordinates":[[-86.45955,34.281851],[-86.459458,34.281794],[-86.459459,34.281706],[-86.459459,34.28168]]}},{"type":"Feature","properties":{},"geometry":{"type":"LineString","coordinates":[[-86.45953,34.277849],[-86.459523,34.278269],[-86.459507,34.278848],[-86.459506,34.279059],[-86.459469,34.280216],[-86.459464,34.280434],[-86.459459,34.281131],[-86.459459,34.28168]]}},{"type":"Feature","properties":{},"geometry":{"type":"LineString","coordinates":[[-86.45955,34.281851],[-86.459543,34.282726],[-86.459545,34.283284],[-86.459548,34.283482],[-86.459541,34.283809],[-86.459529,34.284091],[-86.459503,34.28512]]}},{"type":"Feature","properties":{},"geometry":{"type":"LineString","coordinates":[[-86.481546,34.283162],[-86.481653,34.283162],[-86.481755,34.283164]]}},{"type":"Feature","properties":{},"geometry":{"type":"LineString","coordinates":[[-86.481755,34.283164],[-86.481951,34.28318],[-86.482059,34.283193],[-86.482163,34.283208],[-86.482398,34.283233],[-86.482499,34.283239],[-86.482627,34.283241],[-86.482737,34.283232],[-86.483437,34.283135],[-86.483552,34.283116],[-86.483664,34.283089],[-86.483778,34.283055],[-86.483884,34.283007],[-86.48399,34.282943],[-86.484086,34.282869],[-86.48426,34.282716],[-86.484418,34.282572],[-86.484487,34.282489],[-86.484561,34.28242],[-86.48465,34.282342],[-86.484725,34.282271],[-86.484828,34.28221],[-86.484917,34.282183]]}},{"type":"Feature","properties":{},"geometry":{"type":"LineString","coordinates":[[-86.484917,34.282183],[-86.485024,34.282227],[-86.485054,34.282226]]}},{"type":"Feature","properties":{},"geometry":{"type":"LineString","coordinates":[[-86.492484,34.282275],[-86.49238,34.282296],[-86.492279,34.282299],[-86.492046,34.282311],[-86.491933,34.282306],[-86.491835,34.282297],[-86.491726,34.282281],[-86.491586,34.282267]]}},{"type":"Feature","properties":{},"geometry":{"type":"LineString","coordinates":[[-86.495776,34.282324],[-86.495753,34.282337],[-86.49565,34.282342],[-86.495041,34.282339],[-86.494734,34.28235],[-86.494616,34.282348],[-86.494411,34.282347],[-86.494378,34.282345],[-86.494365,34.282352],[-86.494345,34.282375],[-86.49433,34.282388],[-86.494196,34.282315]]}},{"type":"Feature","properties":{},"geometry":{"type":"LineString","coordinates":[[-86.494153,34.282331],[-86.494148,34.282427],[-86.494137,34.282522],[-86.494109,34.282601],[-86.494079,34.282768],[-86.494032,34.282941],[-86.493971,34.283118],[-86.49395,34.283192]]}},{"type":"Feature","properties":{},"geometry":{"type":"LineString","coordinates":[[-86.492754,34.287772],[-86.49272,34.287886],[-86.492697,34.287981],[-86.492684,34.288059]]}},{"type":"Feature","properties":{},"geometry":{"type":"LineString","coordinates":[[-86.492582,34.295933],[-86.49263,34.295936],[-86.492652,34.295929],[-86.492729,34.295864],[-86.492802,34.295794]]}},{"type":"Feature","properties":{},"geometry":{"type":"LineString","coordinates":[[-86.492802,34.295794],[-86.492833,34.295753],[-86.492945,34.295589],[-86.492957,34.295559],[-86.492967,34.295508],[-86.49297,34.295443],[-86.492963,34.295371],[-86.492951,34.295277],[-86.492944,34.295183],[-86.492946,34.295137],[-86.492952,34.29508],[-86.492968,34.295025],[-86.492994,34.294973],[-86.493026,34.294935],[-86.493071,34.294896],[-86.493137,34.294857],[-86.493286,34.294794],[-86.493386,34.29476],[-86.49348,34.294726],[-86.493605,34.294673],[-86.493702,34.294616],[-86.493811,34.294533],[-86.493874,34.294477],[-86.493906,34.294439],[-86.493996,34.294297],[-86.494066,34.294138],[-86.494097,34.29405],[-86.494117,34.293963],[-86.494126,34.293901],[-86.494136,34.293777],[-86.494136,34.293695],[-86.494128,34.293558],[-86.494113,34.293415],[-86.494094,34.293319],[-86.494063,34.293187],[-86.494032,34.293088],[-86.493937,34.292837],[-86.493897,34.292736],[-86.493839,34.292599],[-86.493702,34.292298],[-86.493585,34.292067],[-86.493465,34.291792],[-86.493312,34.291465],[-86.493041,34.290848],[-86.492773,34.290247],[-86.492701,34.29007],[-86.492662,34.289966],[-86.492631,34.28987],[-86.492595,34.289675],[-86.492573,34.289514],[-86.492561,34.289282],[-86.492566,34.289171],[-86.492584,34.288927],[-86.492607,34.2887],[-86.492673,34.288196],[-86.492684,34.288059]]}},{"type":"Feature","properties":{},"geometry":{"type":"LineString","coordinates":[[-86.49395,34.283192],[-86.49387,34.283499],[-86.493796,34.283756],[-86.493741,34.283916],[-86.4937,34.284022],[-86.493599,34.284398],[-86.493546,34.284576],[-86.493462,34.284822],[-86.493369,34.285139],[-86.493305,34.285381],[-86.493192,34.285778],[-86.493088,34.286213],[-86.492976,34.286802],[-86.49292,34.287116],[-86.492855,34.287399],[-86.492795,34.287645],[-86.492754,34.287772]]}},{"type":"Feature","properties":{},"geometry":{"type":"LineString","coordinates":[[-86.492484,34.282275],[-86.492631,34.282271],[-86.493131,34.282273],[-86.493831,34.282286],[-86.494071,34.282296],[-86.494132,34.282305],[-86.494155,34.282312],[-86.494196,34.282315]]}},{"type":"Feature","properties":{},"geometry":{"type":"LineString","coordinates":[[-86.494155,34.282312],[-86.494153,34.282331]]}},{"type":"Feature","properties":{},"geometry":{"type":"LineString","coordinates":[[-86.485054,34.282226],[-86.485153,34.282204],[-86.485408,34.282187],[-86.48574,34.282187],[-86.485924,34.282185],[-86.486506,34.282198],[-86.486761,34.282207],[-86.486925,34.282208],[-86.487091,34.282208],[-86.487297,34.2822],[-86.487412,34.282188],[-86.48753,34.282171],[-86.487623,34.282144],[-86.487745,34.282089],[-86.48787,34.282016],[-86.488072,34.281875],[-86.488316,34.28171],[-86.488416,34.281653],[-86.48852,34.281604],[-86.488577,34.281585],[-86.488644,34.281576],[-86.488714,34.281576],[-86.488904,34.281614],[-86.489162,34.281671]]}},{"type":"Feature","properties":{},"geometry":{"type":"LineString","coordinates":[[-86.489162,34.281671],[-86.489573,34.281758],[-86.489914,34.281832],[-86.490172,34.281893],[-86.490443,34.281963],[-86.490798,34.282065],[-86.491036,34.282138],[-86.491248,34.282198],[-86.491438,34.282239],[-86.491553,34.282256],[-86.491586,34.282267]]}},{"type":"Feature","properties":{},"geometry":{"type":"LineString","coordinates":[[-86.481531,34.283163],[-86.481546,34.283162]]}},{"type":"Feature","properties":{},"geometry":{"type":"LineString","coordinates":[[-86.477252,34.277758],[-86.477252,34.277838],[-86.47726,34.278039]]}},{"type":"Feature","properties":{},"geometry":{"type":"LineString","coordinates":[[-86.481649,34.279031],[-86.481646,34.279031]]}},{"type":"Feature","properties":{},"geometry":{"type":"LineString","coordinates":[[-86.481911,34.279082],[-86.482076,34.279098],[-86.482302,34.279105],[-86.482486,34.279094],[-86.482791,34.279061],[-86.483082,34.27901],[-86.483346,34.278961],[-86.483852,34.27885],[-86.484383,34.278736],[-86.484519,34.278711],[-86.485282,34.278558],[-86.485566,34.278505],[-86.485882,34.278449],[-86.487116,34.278265],[-86.487628,34.278185],[-86.488038,34.278104],[-86.488374,34.278033],[-86.488852,34.277902],[-86.489334,34.27775],[-86.489506,34.277693]]}},{"type":"Feature","properties":{},"geometry":{"type":"LineString","coordinates":[[-86.55156,34.351387],[-86.551636,34.351389],[-86.55175,34.351387],[-86.551852,34.351397],[-86.551911,34.351399]]}},{"type":"Feature","properties":{},"geometry":{"type":"LineString","coordinates":[[-86.560022,34.351537],[-86.560176,34.351547]]}},{"type":"Feature","properties":{},"geometry":{"type":"LineString","coordinates":[[-86.551488,34.354921],[-86.551487,34.354819],[-86.551483,34.354736],[-86.551489,34.354653],[-86.55149,34.354635]]}},{"type":"Feature","properties":{},"geometry":{"type":"LineString","coordinates":[[-86.551475,34.354795],[-86.55137,34.354799],[-86.551268,34.3548]]}},{"type":"Feature","properties":{},"geometry":{"type":"LineString","coordinates":[[-86.537885,34.358497],[-86.537929,34.35842],[-86.537953,34.358378]]}},{"type":"Feature","properties":{},"geometry":{"type":"LineString","coordinates":[[-86.549179,34.302556],[-86.549191,34.302648],[-86.549218,34.302748],[-86.549229,34.302788]]}},{"type":"Feature","properties":{},"geometry":{"type":"LineString","coordinates":[[-86.550037,34.304852],[-86.550047,34.304868],[-86.54996,34.304897],[-86.549954,34.304931],[-86.549962,34.304994],[-86.550027,34.305167]]}},{"type":"Feature","properties":{},"geometry":{"type":"LineString","coordinates":[[-86.551157,34.310456],[-86.551166,34.310364],[-86.55107,34.310303],[-86.55101,34.310242],[-86.550997,34.310153],[-86.551,34.310067],[-86.550995,34.309983]]}},{"type":"Feature","properties":{},"geometry":{"type":"LineString","coordinates":[[-86.560176,34.351547],[-86.560186,34.351547]]}},{"type":"Feature","properties":{},"geometry":{"type":"LineString","coordinates":[[-86.560022,34.351537],[-86.559913,34.351541],[-86.558816,34.351544],[-86.558556,34.35155],[-86.558324,34.351545],[-86.55796,34.35154],[-86.557652,34.351532],[-86.557235,34.351524],[-86.556586,34.351534],[-86.556174,34.351518],[-86.555921,34.351504],[-86.555787,34.351501],[-86.555621,34.351494],[-86.555346,34.351488],[-86.555194,34.351491],[-86.554589,34.351496],[-86.554181,34.351496],[-86.553841,34.351492],[-86.553317,34.351492],[-86.553243,34.351487],[-86.552982,34.351457],[-86.551998,34.351401],[-86.551911,34.351399]]}},{"type":"Feature","properties":{},"geometry":{"type":"LineString","coordinates":[[-86.54964,34.345892],[-86.549674,34.345959],[-86.549736,34.346046],[-86.549814,34.346138],[-86.5499,34.346223],[-86.550041,34.346339],[-86.55016,34.346423],[-86.550425,34.346586],[-86.550566,34.346697],[-86.550653,34.346756],[-86.550783,34.346823],[-86.550874,34.34689],[-86.55093,34.34695],[-86.550988,34.347039],[-86.551039,34.34715],[-86.551112,34.347352],[-86.551118,34.347417],[-86.551095,34.347808],[-86.551079,34.347979],[-86.551054,34.348316],[-86.55105,34.348528],[-86.551057,34.348677],[-86.551054,34.349213],[-86.551056,34.349452],[-86.551074,34.349657],[-86.551121,34.349808],[-86.551154,34.349939],[-86.551181,34.350013],[-86.551306,34.350285],[-86.551395,34.350425],[-86.551476,34.350578],[-86.551515,34.350668],[-86.551539,34.350734],[-86.551571,34.350924],[-86.551575,34.35108],[-86.551572,34.351192],[-86.551556,34.351387]]}},{"type":"Feature","properties":{},"geometry":{"type":"LineString","coordinates":[[-86.551556,34.351387],[-86.55156,34.351387]]}},{"type":"Feature","properties":{},"geometry":{"type":"LineString","coordinates":[[-86.551556,34.351387],[-86.551558,34.351523],[-86.551549,34.351913],[-86.551525,34.352341],[-86.551507,34.352853],[-86.551505,34.353065],[-86.551496,34.353378],[-86.551495,34.35377],[-86.551499,34.35394],[-86.551489,34.354405],[-86.55149,34.354635]]}},{"type":"Feature","properties":{},"geometry":{"type":"LineString","coordinates":[[-86.551486,34.354795],[-86.551475,34.354795]]}},{"type":"Feature","properties":{},"geometry":{"type":"LineString","coordinates":[[-86.551488,34.354921],[-86.551499,34.355126],[-86.551508,34.355492],[-86.551505,34.355751],[-86.551495,34.35604],[-86.551498,34.356143],[-86.551496,34.356362],[-86.55149,34.35656],[-86.551488,34.356759],[-86.55149,34.356837],[-86.551485,34.357101],[-86.551474,34.357515],[-86.551459,34.357844],[-86.551459,34.358219],[-86.55145,34.358917],[-86.551435,34.359287],[-86.551425,34.359455],[-86.551412,34.360036],[-86.551411,34.360205],[-86.551385,34.361149],[-86.55138,34.361587],[-86.551387,34.361833],[-86.551383,34.361983],[-86.551387,34.362693],[-86.551379,34.362866],[-86.551368,34.363022],[-86.551368,34.363119],[-86.551353,34.363416],[-86.551342,34.363534],[-86.551321,34.363722]]}},{"type":"Feature","properties":{},"geometry":{"type":"LineString","coordinates":[[-86.537953,34.358378],[-86.538021,34.358234],[-86.538126,34.358],[-86.538207,34.357833],[-86.538258,34.357716],[-86.538291,34.357583],[-86.538336,34.357415],[-86.538342,34.357351],[-86.538352,34.357177],[-86.538354,34.356904],[-86.538351,34.356843],[-86.538354,34.356508],[-86.538364,34.356199],[-86.538389,34.355788],[-86.538399,34.355448],[-86.538406,34.355341],[-86.538414,34.355271],[-86.538417,34.355215],[-86.538426,34.355126],[-86.538439,34.35505],[-86.538475,34.354956],[-86.538496,34.354924],[-86.538519,34.3549],[-86.538539,34.354882],[-86.53858,34.354855],[-86.538624,34.354834],[-86.538692,34.354815],[-86.538764,34.354804],[-86.539006,34.354795],[-86.539369,34.354799],[-86.53954,34.354804],[-86.539882,34.354807],[-86.540213,34.354814],[-86.540758,34.354819],[-86.54109,34.354825],[-86.541407,34.354833],[-86.541771,34.354845],[-86.542068,34.354859],[-86.542308,34.354863],[-86.542882,34.354876],[-86.543151,34.354879],[-86.543746,34.354879],[-86.544561,34.354884],[-86.544753,34.354887],[-86.544891,34.354894],[-86.54514,34.354903],[-86.545529,34.354913],[-86.546056,34.35492],[-86.546461,34.354923],[-86.546738,34.354918],[-86.547115,34.354917],[-86.547895,34.354931],[-86.548239,34.354939],[-86.548803,34.354943],[-86.549021,34.354929],[-86.549164,34.354907],[-86.549436,34.354859],[-86.549719,34.354797],[-86.549817,34.354787],[-86.549899,34.354782],[-86.550082,34.354777],[-86.550197,34.354787],[-86.550368,34.354794],[-86.550867,34.3548],[-86.551268,34.3548]]}},{"type":"Feature","properties":{},"geometry":{"type":"LineString","coordinates":[[-86.549229,34.302788],[-86.54925,34.302885],[-86.549276,34.30299],[-86.54932,34.30315],[-86.549366,34.303334],[-86.549408,34.303477],[-86.549451,34.303582],[-86.549502,34.303661],[-86.549533,34.3037],[-86.549707,34.303893],[-86.549746,34.303955],[-86.54977,34.303999],[-86.54979,34.304049],[-86.549884,34.304356],[-86.54992,34.304468],[-86.549977,34.304689],[-86.549996,34.304749],[-86.550037,34.304852]]}},{"type":"Feature","properties":{},"geometry":{"type":"LineString","coordinates":[[-86.551497,34.315577],[-86.551473,34.315042],[-86.55146,34.314828],[-86.551457,34.314342],[-86.551437,34.313391],[-86.551427,34.313072],[-86.551419,34.312942],[-86.551333,34.312181],[-86.551307,34.311908],[-86.551266,34.311538],[-86.551233,34.311191],[-86.551164,34.310574],[-86.551157,34.310456]]}},{"type":"Feature","properties":{},"geometry":{"type":"LineString","coordinates":[[-86.550995,34.309983],[-86.550931,34.309475],[-86.550868,34.308904],[-86.550861,34.308746],[-86.55086,34.308547],[-86.550863,34.308324],[-86.550874,34.307986],[-86.550873,34.307849],[-86.550864,34.307706],[-86.55084,34.307571],[-86.550798,34.307408],[-86.550634,34.306893],[-86.550535,34.306625],[-86.550344,34.306046],[-86.550277,34.305833],[-86.550149,34.305475],[-86.550061,34.305243],[-86.550027,34.305167]]}},{"type":"Feature","properties":{},"geometry":{"type":"LineString","coordinates":[[-86.551544,34.315952],[-86.551539,34.31594]]}},{"type":"Feature","properties":{},"geometry":{"type":"LineString","coordinates":[[-86.544959,34.317383],[-86.544997,34.31746],[-86.545035,34.317547],[-86.545176,34.317802],[-86.545274,34.317846],[-86.545384,34.317857],[-86.545497,34.317857],[-86.547464,34.317922],[-86.547895,34.317928],[-86.547992,34.317907],[-86.548037,34.317825],[-86.548096,34.316776],[-86.548053,34.316707],[-86.548021,34.316626]]}},{"type":"Feature","properties":{},"geometry":{"type":"LineString","coordinates":[[-86.561334,34.316166],[-86.561346,34.316136],[-86.561355,34.316099],[-86.561368,34.315876],[-86.56137,34.315378],[-86.561392,34.314601],[-86.561385,34.31443],[-86.561431,34.312768],[-86.561444,34.311373],[-86.561463,34.310466],[-86.561482,34.310205],[-86.56152,34.309333],[-86.561612,34.308158],[-86.561557,34.307609],[-86.561533,34.307525],[-86.561424,34.306687],[-86.561496,34.305855],[-86.561543,34.304901]]}},{"type":"Feature","properties":{},"geometry":{"type":"LineString","coordinates":[[-86.561329,34.316177],[-86.561442,34.316182],[-86.561732,34.316177],[-86.562024,34.316177],[-86.56305,34.316056],[-86.56391,34.315939],[-86.564777,34.315829],[-86.565339,34.315732],[-86.565517,34.315689],[-86.565782,34.315608],[-86.566011,34.315515],[-86.56635,34.315381],[-86.566644,34.315254]]}},{"type":"Feature","properties":{},"geometry":{"type":"LineString","coordinates":[[-86.548025,34.316546],[-86.548021,34.316626]]}},{"type":"Feature","properties":{},"geometry":{"type":"LineString","coordinates":[[-86.548025,34.316546],[-86.548026,34.316541]]}},{"type":"Feature","properties":{},"geometry":{"type":"LineString","coordinates":[[-86.546942,34.316672],[-86.548026,34.316541]]}},{"type":"Feature","properties":{},"geometry":{"type":"LineString","coordinates":[[-86.548026,34.316541],[-86.548143,34.316529]]}},{"type":"Feature","properties":{},"geometry":{"type":"LineString","coordinates":[[-86.544959,34.317383],[-86.544949,34.317369]]}},{"type":"Feature","properties":{},"geometry":{"type":"LineString","coordinates":[[-86.544949,34.317369],[-86.545577,34.31715]]}},{"type":"Feature","properties":{},"geometry":{"type":"LineString","coordinates":[[-86.504116,34.342234],[-86.504105,34.342243]]}},{"type":"Feature","properties":{},"geometry":{"type":"LineString","coordinates":[[-86.561329,34.316177],[-86.561334,34.316166]]}},{"type":"Feature","properties":{},"geometry":{"type":"LineString","coordinates":[[-86.535074,34.318712],[-86.535084,34.318789],[-86.535161,34.318847],[-86.535309,34.318985],[-86.535476,34.319225],[-86.535594,34.319375],[-86.535651,34.319455],[-86.536373,34.320513],[-86.536424,34.320591],[-86.536542,34.320742],[-86.537346,34.321903],[-86.537411,34.321971],[-86.5376,34.322189],[-86.537667,34.322259],[-86.5379,34.322475],[-86.538256,34.322748],[-86.538898,34.323183],[-86.540835,34.324333],[-86.542937,34.325585],[-86.543639,34.326125],[-86.544156,34.326599],[-86.545306,34.327552],[-86.545991,34.328035],[-86.546883,34.3286],[-86.547943,34.329212],[-86.548038,34.329255],[-86.548129,34.329291],[-86.548235,34.329326],[-86.54862,34.329401],[-86.54952,34.329609],[-86.55033,34.329862],[-86.550741,34.330187],[-86.551161,34.330329],[-86.551268,34.330334],[-86.552619,34.330348],[-86.554043,34.330507],[-86.554734,34.330552],[-86.55633,34.330778]]}},{"type":"Feature","properties":{},"geometry":{"type":"LineString","coordinates":[[-86.52952,34.358279],[-86.529414,34.358257]]}},{"type":"Feature","properties":{},"geometry":{"type":"LineString","coordinates":[[-86.529526,34.358292],[-86.529458,34.358365],[-86.529361,34.358414]]}},{"type":"Feature","properties":{},"geometry":{"type":"LineString","coordinates":[[-86.529538,34.35829],[-86.529534,34.358367],[-86.529521,34.358458]]}},{"type":"Feature","properties":{},"geometry":{"type":"LineString","coordinates":[[-86.529546,34.358291],[-86.529645,34.358298]]}},{"type":"Feature","properties":{},"geometry":{"type":"LineString","coordinates":[[-86.5231,34.339823],[-86.523072,34.339887],[-86.523106,34.339974]]}},{"type":"Feature","properties":{},"geometry":{"type":"LineString","coordinates":[[-86.551305,34.363806],[-86.551197,34.363793]]}},{"type":"Feature","properties":{},"geometry":{"type":"LineString","coordinates":[[-86.555699,34.364054],[-86.555695,34.364281]]}},{"type":"Feature","properties":{},"geometry":{"type":"LineString","coordinates":[[-86.555692,34.364047],[-86.555591,34.364042]]}},{"type":"Feature","properties":{},"geometry":{"type":"LineString","coordinates":[[-86.548729,34.373579],[-86.548751,34.373664],[-86.548913,34.373667]]}},{"type":"Feature","properties":{},"geometry":{"type":"LineString","coordinates":[[-86.551197,34.373607],[-86.551205,34.373692],[-86.55122,34.373785]]}},{"type":"Feature","properties":{},"geometry":{"type":"LineString","coordinates":[[-86.55122,34.373785],[-86.551372,34.374534],[-86.551391,34.375231],[-86.551379,34.37558],[-86.551393,34.375914],[-86.551421,34.376269],[-86.551406,34.376615],[-86.551429,34.376722],[-86.551463,34.37696],[-86.551486,34.377151],[-86.551498,34.377301],[-86.551496,34.377384]]}},{"type":"Feature","properties":{},"geometry":{"type":"LineString","coordinates":[[-86.557814,34.364325],[-86.557809,34.364411],[-86.557813,34.364496]]}},{"type":"Feature","properties":{},"geometry":{"type":"LineString","coordinates":[[-86.535065,34.318713],[-86.535066,34.31871]]}},{"type":"Feature","properties":{},"geometry":{"type":"LineString","coordinates":[[-86.535064,34.318716],[-86.535065,34.318713]]}},{"type":"Feature","properties":{},"geometry":{"type":"LineString","coordinates":[[-86.511753,34.355227],[-86.512676,34.35511],[-86.513876,34.355089],[-86.514705,34.355139],[-86.516462,34.355427],[-86.519217,34.356004],[-86.519354,34.356039],[-86.520503,34.356372],[-86.523864,34.357503],[-86.524975,34.357869],[-86.525062,34.357896],[-86.525665,34.358062],[-86.526233,34.358184],[-86.5268,34.358271],[-86.527351,34.358332],[-86.527666,34.358357],[-86.528518,34.358383],[-86.529217,34.358396],[-86.529325,34.35842],[-86.529361,34.358414]]}},{"type":"Feature","properties":{},"geometry":{"type":"LineString","coordinates":[[-86.529526,34.358292],[-86.529531,34.358285]]}},{"type":"Feature","properties":{},"geometry":{"type":"LineString","coordinates":[[-86.529532,34.358281],[-86.52952,34.358279]]}},{"type":"Feature","properties":{},"geometry":{"type":"LineString","coordinates":[[-86.529531,34.358285],[-86.529532,34.358281]]}},{"type":"Feature","properties":{},"geometry":{"type":"LineString","coordinates":[[-86.529546,34.358291],[-86.529538,34.35829]]}},{"type":"Feature","properties":{},"geometry":{"type":"LineString","coordinates":[[-86.529539,34.358283],[-86.529538,34.35829]]}},{"type":"Feature","properties":{},"geometry":{"type":"LineString","coordinates":[[-86.529539,34.358283],[-86.529532,34.358281]]}},{"type":"Feature","properties":{},"geometry":{"type":"LineString","coordinates":[[-86.529414,34.358257],[-86.529386,34.358246],[-86.529401,34.357947],[-86.529413,34.356706],[-86.529417,34.355392],[-86.529402,34.354705],[-86.529295,34.354005],[-86.529217,34.353771],[-86.529154,34.353621],[-86.528623,34.352872],[-86.527915,34.352099],[-86.527736,34.351871],[-86.52744,34.351455],[-86.527037,34.350801],[-86.526812,34.35036],[-86.526587,34.349886],[-86.526369,34.349412],[-86.526287,34.349174],[-86.526218,34.348854],[-86.526138,34.3484],[-86.526076,34.348198],[-86.525626,34.346867],[-86.525511,34.346629],[-86.5254,34.346382],[-86.524936,34.34549],[-86.524587,34.344962],[-86.523984,34.344232],[-86.523886,34.344131],[-86.523281,34.343535],[-86.523183,34.343392],[-86.523127,34.343217],[-86.523133,34.343047],[-86.523311,34.34199],[-86.523353,34.341787],[-86.523379,34.341513],[-86.523355,34.341215],[-86.523326,34.340705],[-86.523106,34.339974]]}},{"type":"Feature","properties":{},"geometry":{"type":"LineString","coordinates":[[-86.530616,34.340959],[-86.530347,34.34088],[-86.530141,34.340843],[-86.529904,34.340817],[-86.529812,34.340818],[-86.529095,34.340851],[-86.528824,34.340861],[-86.528457,34.340854],[-86.528146,34.340826],[-86.527894,34.340786],[-86.527408,34.340681],[-86.526945,34.340542],[-86.526295,34.340328],[-86.525921,34.340208],[-86.525568,34.340106],[-86.525309,34.340062],[-86.525008,34.340015],[-86.524467,34.339965],[-86.523812,34.339914],[-86.523206,34.339838],[-86.5231,34.339821]]}},{"type":"Feature","properties":{},"geometry":{"type":"LineString","coordinates":[[-86.5231,34.339821],[-86.5231,34.339823]]}},{"type":"Feature","properties":{},"geometry":{"type":"LineString","coordinates":[[-86.529645,34.358298],[-86.534791,34.358332],[-86.537064,34.358367],[-86.537871,34.35852],[-86.538518,34.358724],[-86.539411,34.359204],[-86.539623,34.359348],[-86.540114,34.359694],[-86.540708,34.360073],[-86.541718,34.360601],[-86.544603,34.361972],[-86.545434,34.362279],[-86.546437,34.362555],[-86.547596,34.36286],[-86.551197,34.363793]]}},{"type":"Feature","properties":{},"geometry":{"type":"LineString","coordinates":[[-86.551321,34.363722],[-86.551316,34.363779]]}},{"type":"Feature","properties":{},"geometry":{"type":"LineString","coordinates":[[-86.551316,34.363779],[-86.551305,34.363806]]}},{"type":"Feature","properties":{},"geometry":{"type":"LineString","coordinates":[[-86.555591,34.364042],[-86.555583,34.364137],[-86.555558,34.364178],[-86.554428,34.364122],[-86.552883,34.364028],[-86.551619,34.36388],[-86.551305,34.363806]]}},{"type":"Feature","properties":{},"geometry":{"type":"LineString","coordinates":[[-86.555699,34.364054],[-86.555699,34.364049]]}},{"type":"Feature","properties":{},"geometry":{"type":"LineString","coordinates":[[-86.555692,34.364047],[-86.5557,34.364047]]}},{"type":"Feature","properties":{},"geometry":{"type":"LineString","coordinates":[[-86.555695,34.364281],[-86.555665,34.364897],[-86.55563,34.365357],[-86.555561,34.365694],[-86.555459,34.365993],[-86.555354,34.366262],[-86.555156,34.367071],[-86.555072,34.367429],[-86.554946,34.367743],[-86.554612,34.368243],[-86.553717,34.369166],[-86.553283,34.36964],[-86.552823,34.370152],[-86.552307,34.370755],[-86.551343,34.371571],[-86.550829,34.371944],[-86.548729,34.373579]]}},{"type":"Feature","properties":{},"geometry":{"type":"LineString","coordinates":[[-86.548913,34.373667],[-86.549014,34.373661],[-86.549414,34.373594],[-86.549844,34.373544],[-86.550049,34.373528],[-86.550561,34.37351],[-86.550728,34.373513],[-86.550852,34.373523],[-86.551159,34.373576],[-86.551197,34.373589],[-86.551197,34.373607]]}},{"type":"Feature","properties":{},"geometry":{"type":"LineString","coordinates":[[-86.529521,34.358458],[-86.529507,34.359026],[-86.52949,34.359536]]}},{"type":"Feature","properties":{},"geometry":{"type":"LineString","coordinates":[[-86.505932,34.342912],[-86.506124,34.343297],[-86.506139,34.343337]]}},{"type":"Feature","properties":{},"geometry":{"type":"LineString","coordinates":[[-86.514985,34.387464],[-86.514945,34.387128],[-86.51485,34.386036],[-86.514738,34.385011]]}},{"type":"Feature","properties":{},"geometry":{"type":"LineString","coordinates":[[-86.514738,34.385011],[-86.51468,34.384406],[-86.514498,34.382686],[-86.514417,34.381767],[-86.514162,34.379024],[-86.513964,34.376993],[-86.513936,34.376736],[-86.513783,34.375935],[-86.513315,34.374571],[-86.512688,34.372836],[-86.512423,34.372064],[-86.511179,34.368665],[-86.510811,34.367709]]}},{"type":"Feature","properties":{},"geometry":{"type":"LineString","coordinates":[[-86.511668,34.365348],[-86.511886,34.365257],[-86.512258,34.365069],[-86.512341,34.365032],[-86.513245,34.365027],[-86.513489,34.365031],[-86.513918,34.365028],[-86.514516,34.365037],[-86.514752,34.365026],[-86.514889,34.364971],[-86.515021,34.364877],[-86.515155,34.364728],[-86.515376,34.364383],[-86.515395,34.364202],[-86.515381,34.363835],[-86.51534,34.363489],[-86.515325,34.363403],[-86.515273,34.363304],[-86.515186,34.363235],[-86.515024,34.363186],[-86.51488,34.363163],[-86.514687,34.363121],[-86.514595,34.363074],[-86.514404,34.362939],[-86.514352,34.362853],[-86.51425,34.362699],[-86.514119,34.362528],[-86.513974,34.362414],[-86.513786,34.362272],[-86.513544,34.362183],[-86.51344,34.362166]]}},{"type":"Feature","properties":{},"geometry":{"type":"LineString","coordinates":[[-86.511248,34.36548],[-86.511229,34.365323],[-86.511116,34.365145],[-86.510975,34.364795],[-86.510684,34.363988],[-86.510437,34.363331],[-86.510284,34.362624],[-86.510115,34.361966],[-86.510009,34.361666],[-86.509784,34.361618],[-86.509534,34.361633],[-86.509137,34.361628],[-86.508861,34.361608],[-86.508765,34.361509],[-86.508704,34.361474]]}},{"type":"Feature","properties":{},"geometry":{"type":"LineString","coordinates":[[-86.511248,34.36548],[-86.511358,34.36546],[-86.511453,34.36545],[-86.511668,34.365348]]}},{"type":"Feature","properties":{},"geometry":{"type":"LineString","coordinates":[[-86.52949,34.359536],[-86.52945,34.360493],[-86.529443,34.360999],[-86.529424,34.361541],[-86.529443,34.361693],[-86.529484,34.361796],[-86.529583,34.361962],[-86.530242,34.362624],[-86.530749,34.363126],[-86.531033,34.363421],[-86.531158,34.363546],[-86.5313,34.363708],[-86.531434,34.363838],[-86.531962,34.364431],[-86.53236,34.364918],[-86.532651,34.365255],[-86.532909,34.365559],[-86.533238,34.365982],[-86.533851,34.366777],[-86.534023,34.367017],[-86.534151,34.367205],[-86.534262,34.367385],[-86.534364,34.367535],[-86.534463,34.367716],[-86.534694,34.368122],[-86.534828,34.368367],[-86.534915,34.368496],[-86.535087,34.368704],[-86.535296,34.368911],[-86.535557,34.369155],[-86.535837,34.369441],[-86.536159,34.369765],[-86.536346,34.369982],[-86.536494,34.370185],[-86.536617,34.370438],[-86.536697,34.370681],[-86.536759,34.370906],[-86.536795,34.371106],[-86.536835,34.371545],[-86.536872,34.37173],[-86.536959,34.372005],[-86.537161,34.372569],[-86.537252,34.372786],[-86.537339,34.373003],[-86.537512,34.373312],[-86.537712,34.373646],[-86.537929,34.373991],[-86.538032,34.374137],[-86.538207,34.374284],[-86.538461,34.374473],[-86.538707,34.374645],[-86.538944,34.374824],[-86.539063,34.374922],[-86.539964,34.37573],[-86.540371,34.376104],[-86.540469,34.37621],[-86.540704,34.376501],[-86.540834,34.376689],[-86.540944,34.376893],[-86.541033,34.37705],[-86.541156,34.377416],[-86.541569,34.378574],[-86.541649,34.37879],[-86.541782,34.379045],[-86.541999,34.379351],[-86.542063,34.379428],[-86.542224,34.379541]]}},{"type":"Feature","properties":{},"geometry":{"type":"LineString","coordinates":[[-86.548729,34.373579],[-86.548532,34.373744],[-86.548358,34.373896],[-86.548055,34.374172],[-86.547856,34.374421],[-86.547363,34.375242],[-86.547317,34.375304],[-86.547209,34.375493],[-86.547054,34.375799],[-86.54694,34.375986],[-86.5466,34.376284],[-86.545974,34.37665],[-86.545094,34.377127],[-86.544487,34.377432],[-86.54382,34.377843],[-86.543391,34.378137],[-86.542994,34.378466],[-86.542618,34.378859],[-86.542413,34.379135],[-86.542224,34.379541]]}},{"type":"Feature","properties":{},"geometry":{"type":"LineString","coordinates":[[-86.542223,34.379541],[-86.542091,34.379768],[-86.54172,34.380476],[-86.541534,34.380837],[-86.540999,34.38192],[-86.540927,34.38206],[-86.540899,34.382124],[-86.54074,34.382392],[-86.540673,34.3825],[-86.5405,34.382757],[-86.540164,34.383236],[-86.539799,34.383725],[-86.539682,34.38386],[-86.539578,34.383968],[-86.539403,34.384102],[-86.539083,34.384302],[-86.537325,34.385291],[-86.536708,34.385646],[-86.536378,34.385832],[-86.535715,34.386199],[-86.534978,34.386615],[-86.534954,34.386631],[-86.534355,34.386946],[-86.534183,34.387029],[-86.533946,34.387123],[-86.533806,34.387168],[-86.533493,34.387248],[-86.533099,34.387362]]}},{"type":"Feature","properties":{},"geometry":{"type":"LineString","coordinates":[[-86.500252,34.343013],[-86.500252,34.343011],[-86.500233,34.342374]]}},{"type":"Feature","properties":{},"geometry":{"type":"LineString","coordinates":[[-86.500619,34.343061],[-86.500244,34.343058],[-86.500252,34.343013]]}},{"type":"Feature","properties":{},"geometry":{"type":"LineString","coordinates":[[-86.500244,34.343058],[-86.499762,34.343047],[-86.499789,34.343214]]}},{"type":"Feature","properties":{},"geometry":{"type":"LineString","coordinates":[[-86.504075,34.341458],[-86.504,34.341461],[-86.503898,34.341462],[-86.503781,34.341465],[-86.503484,34.341456]]}},{"type":"Feature","properties":{},"geometry":{"type":"LineString","coordinates":[[-86.500156,34.334023],[-86.500144,34.334024]]}},{"type":"Feature","properties":{},"geometry":{"type":"LineString","coordinates":[[-86.498907,34.332622],[-86.499116,34.332626],[-86.499229,34.332625],[-86.499448,34.332627],[-86.499423,34.332539],[-86.499309,34.33221],[-86.499274,34.332117],[-86.499205,34.331919]]}},{"type":"Feature","properties":{},"geometry":{"type":"LineString","coordinates":[[-86.504081,34.341449],[-86.504071,34.341082],[-86.504004,34.340666],[-86.503875,34.33956],[-86.503802,34.338392],[-86.503764,34.337684]]}},{"type":"Feature","properties":{},"geometry":{"type":"LineString","coordinates":[[-86.504082,34.341471],[-86.504081,34.341458]]}},{"type":"Feature","properties":{},"geometry":{"type":"LineString","coordinates":[[-86.504081,34.341458],[-86.504081,34.341449]]}},{"type":"Feature","properties":{},"geometry":{"type":"LineString","coordinates":[[-86.504081,34.341458],[-86.504075,34.341458]]}},{"type":"Feature","properties":{},"geometry":{"type":"LineString","coordinates":[[-86.503475,34.341078],[-86.503484,34.341456]]}},{"type":"Feature","properties":{},"geometry":{"type":"LineString","coordinates":[[-86.49657,34.382705],[-86.496544,34.382621]]}},{"type":"Feature","properties":{},"geometry":{"type":"LineString","coordinates":[[-86.503177,34.376432],[-86.503087,34.376463]]}},{"type":"Feature","properties":{},"geometry":{"type":"LineString","coordinates":[[-86.509346,34.365583],[-86.509373,34.36567],[-86.509398,34.365752],[-86.509426,34.36584]]}},{"type":"Feature","properties":{},"geometry":{"type":"LineString","coordinates":[[-86.509345,34.365579],[-86.50932,34.365494],[-86.509297,34.365431]]}},{"type":"Feature","properties":{},"geometry":{"type":"LineString","coordinates":[[-86.509283,34.365435],[-86.509022,34.365511]]}},{"type":"Feature","properties":{},"geometry":{"type":"LineString","coordinates":[[-86.510212,34.367846],[-86.510297,34.367818],[-86.510399,34.367788],[-86.51051,34.367777],[-86.510622,34.367753],[-86.510811,34.367709]]}},{"type":"Feature","properties":{},"geometry":{"type":"LineString","coordinates":[[-86.510811,34.367709],[-86.510376,34.36648],[-86.509971,34.365459],[-86.510428,34.365449],[-86.511248,34.36548]]}},{"type":"Feature","properties":{},"geometry":{"type":"LineString","coordinates":[[-86.51021,34.367841],[-86.50951,34.366102],[-86.509424,34.365833]]}},{"type":"Feature","properties":{},"geometry":{"type":"LineString","coordinates":[[-86.509346,34.365583],[-86.509345,34.365579]]}},{"type":"Feature","properties":{},"geometry":{"type":"LineString","coordinates":[[-86.509264,34.365319],[-86.508809,34.364135],[-86.508181,34.36294],[-86.50719,34.361347],[-86.505277,34.357691]]}},{"type":"Feature","properties":{},"geometry":{"type":"LineString","coordinates":[[-86.493918,34.383474],[-86.494033,34.38341],[-86.494435,34.38321],[-86.494877,34.383086],[-86.495184,34.383008],[-86.49657,34.382705]]}},{"type":"Feature","properties":{},"geometry":{"type":"LineString","coordinates":[[-86.496544,34.382621],[-86.497007,34.382509],[-86.497348,34.382386],[-86.497529,34.382319],[-86.498139,34.382011],[-86.498481,34.38179],[-86.499208,34.381341],[-86.501096,34.380203],[-86.501368,34.380029],[-86.502497,34.379361],[-86.50279,34.379126],[-86.503024,34.378898],[-86.503184,34.37864],[-86.503278,34.37846],[-86.503349,34.378269],[-86.503384,34.378147],[-86.503432,34.377938],[-86.503455,34.37767],[-86.503436,34.377455],[-86.5034,34.377248],[-86.503341,34.37706],[-86.503259,34.376862],[-86.503087,34.376463]]}},{"type":"Feature","properties":{},"geometry":{"type":"LineString","coordinates":[[-86.503176,34.376432],[-86.502917,34.375895],[-86.502812,34.375663],[-86.502724,34.375454],[-86.502685,34.375339],[-86.502647,34.375198],[-86.502601,34.375005],[-86.50257,34.374802],[-86.502559,34.374583],[-86.502562,34.374523]]}},{"type":"Feature","properties":{},"geometry":{"type":"LineString","coordinates":[[-86.509523,34.384078],[-86.509262,34.383376],[-86.509043,34.382561],[-86.509045,34.382094],[-86.509133,34.381612],[-86.509234,34.381358],[-86.509571,34.381003],[-86.51005,34.380447],[-86.510626,34.379853],[-86.510923,34.379584],[-86.511398,34.379262],[-86.512103,34.378962],[-86.512614,34.378797],[-86.513423,34.37854]]}},{"type":"Feature","properties":{},"geometry":{"type":"LineString","coordinates":[[-86.513423,34.37854],[-86.513421,34.378296]]}},{"type":"Feature","properties":{},"geometry":{"type":"LineString","coordinates":[[-86.509528,34.384338],[-86.509129,34.384046],[-86.509197,34.383931],[-86.508672,34.383537],[-86.507716,34.382816],[-86.507152,34.38235],[-86.506573,34.38172],[-86.506251,34.381386],[-86.506098,34.381129],[-86.505728,34.380611]]}},{"type":"Feature","properties":{},"geometry":{"type":"LineString","coordinates":[[-86.509022,34.365511],[-86.508461,34.365805],[-86.507727,34.366249],[-86.507401,34.366515],[-86.507209,34.366742],[-86.506662,34.367464],[-86.506098,34.368186],[-86.505564,34.368865],[-86.505017,34.369582],[-86.504798,34.369848],[-86.504763,34.369853]]}},{"type":"Feature","properties":{},"geometry":{"type":"LineString","coordinates":[[-86.509297,34.365431],[-86.509286,34.365402],[-86.509264,34.365319]]}},{"type":"Feature","properties":{},"geometry":{"type":"LineString","coordinates":[[-86.51021,34.367841],[-86.510495,34.368494],[-86.510834,34.369512],[-86.510916,34.369672],[-86.511412,34.370924],[-86.511455,34.371107],[-86.511848,34.372304],[-86.511952,34.37257],[-86.512503,34.37409],[-86.512659,34.374408],[-86.513339,34.377252],[-86.513421,34.378296]]}},{"type":"Feature","properties":{},"geometry":{"type":"LineString","coordinates":[[-86.505635,34.334925],[-86.505697,34.332588],[-86.505681,34.332515]]}},{"type":"Feature","properties":{},"geometry":{"type":"LineString","coordinates":[[-86.503578,34.333159],[-86.503631,34.334908],[-86.504569,34.334905]]}},{"type":"Feature","properties":{},"geometry":{"type":"LineString","coordinates":[[-86.506643,34.334862],[-86.507921,34.334894]]}},{"type":"Feature","properties":{},"geometry":{"type":"LineString","coordinates":[[-86.511296,34.368985],[-86.512661,34.369014],[-86.514548,34.369032],[-86.515066,34.368953],[-86.515295,34.368847],[-86.515558,34.368655],[-86.515808,34.368272],[-86.515862,34.36787],[-86.515878,34.366935],[-86.515907,34.366334],[-86.515951,34.366057],[-86.516042,34.365885],[-86.516465,34.365549]]}},{"type":"Feature","properties":{},"geometry":{"type":"LineString","coordinates":[[-86.504285,34.321336],[-86.504905,34.321345],[-86.50523,34.321357],[-86.505616,34.321358],[-86.506018,34.321372],[-86.506303,34.321377],[-86.506655,34.321388]]}},{"type":"Feature","properties":{},"geometry":{"type":"LineString","coordinates":[[-86.437503,34.380121],[-86.437592,34.379919],[-86.437716,34.379761],[-86.437785,34.379684],[-86.438142,34.379386],[-86.438668,34.379],[-86.439203,34.378592],[-86.439753,34.378163],[-86.440404,34.377625],[-86.440586,34.377459],[-86.440768,34.377238],[-86.440874,34.37706],[-86.440918,34.376866],[-86.440939,34.376376],[-86.440933,34.376131],[-86.440941,34.375863],[-86.440966,34.375624],[-86.441033,34.375475],[-86.441148,34.3753],[-86.44135,34.375123],[-86.44158,34.374968],[-86.442432,34.374653],[-86.442941,34.3745],[-86.443441,34.374378],[-86.444031,34.374258],[-86.444779,34.374117],[-86.445374,34.374009],[-86.445634,34.373955],[-86.445909,34.37389],[-86.446126,34.373823],[-86.446354,34.373711],[-86.446534,34.373591],[-86.446832,34.373314],[-86.446953,34.373215],[-86.447142,34.373095],[-86.447437,34.372964],[-86.447744,34.372821],[-86.448027,34.372692],[-86.448293,34.372545],[-86.448668,34.372356],[-86.449015,34.372229],[-86.449472,34.37208],[-86.450473,34.371843],[-86.45141,34.371634],[-86.453454,34.371243],[-86.454012,34.371122],[-86.454353,34.371043]]}},{"type":"Feature","properties":{},"geometry":{"type":"LineString","coordinates":[[-86.458636,34.383325],[-86.459231,34.383991],[-86.459343,34.384094],[-86.459805,34.384431],[-86.460373,34.384799],[-86.461594,34.385578],[-86.463136,34.386302],[-86.464044,34.386735],[-86.464416,34.386887],[-86.464729,34.386997],[-86.465219,34.387139],[-86.466064,34.387289],[-86.4695,34.387709]]}},{"type":"Feature","properties":{},"geometry":{"type":"LineString","coordinates":[[-86.42732,34.27801],[-86.427074,34.27851],[-86.426833,34.278896],[-86.426596,34.279306],[-86.42642,34.279559],[-86.426235,34.279771],[-86.425942,34.280022],[-86.425754,34.280215],[-86.425809,34.280307],[-86.425894,34.280361]]}},{"type":"Feature","properties":{},"geometry":{"type":"LineString","coordinates":[[-86.425894,34.280361],[-86.425893,34.280389]]}},{"type":"Feature","properties":{},"geometry":{"type":"MultiLineString","coordinates":[[[-86.428807,34.313506],[-86.428808,34.313595],[-86.42838,34.313583],[-86.4281,34.313562],[-86.427695,34.313514],[-86.427079,34.31344],[-86.426313,34.313326],[-86.425689,34.313246],[-86.425327,34.313175],[-86.425054,34.313105],[-86.424999,34.313087]],[[-86.424939,34.304526],[-86.425023,34.30443],[-86.425205,34.304271],[-86.425756,34.303919],[-86.426126,34.303741],[-86.426937,34.303358],[-86.427635,34.303056],[-86.428394,34.302769],[-86.429237,34.302458],[-86.429709,34.302267],[-86.430125,34.302115],[-86.430482,34.301977],[-86.430753,34.301869],[-86.431098,34.30169],[-86.431298,34.30155],[-86.431527,34.30135],[-86.431869,34.301032],[-86.432397,34.300507],[-86.432727,34.300166]]]}},{"type":"Feature","properties":{},"geometry":{"type":"LineString","coordinates":[[-86.497069,34.296411],[-86.497088,34.295672],[-86.497086,34.295187],[-86.497066,34.294986],[-86.497011,34.293918],[-86.496701,34.289885]]}},{"type":"Feature","properties":{},"geometry":{"type":"LineString","coordinates":[[-86.50397,34.310197],[-86.506335,34.310247],[-86.506486,34.310254],[-86.50656,34.310242],[-86.506622,34.310203]]}},{"type":"Feature","properties":{},"geometry":{"type":"LineString","coordinates":[[-86.503972,34.308983],[-86.50444,34.308992],[-86.504587,34.308999],[-86.50523,34.309009],[-86.505476,34.309015],[-86.505608,34.309013],[-86.505722,34.309003],[-86.505812,34.308988],[-86.505894,34.308952],[-86.506003,34.308876],[-86.50608,34.3088],[-86.506132,34.30872],[-86.506134,34.308627],[-86.506119,34.30856],[-86.506119,34.308489],[-86.506144,34.30842],[-86.506216,34.308393],[-86.5063,34.308381],[-86.506338,34.308413]]}},{"type":"Feature","properties":{},"geometry":{"type":"LineString","coordinates":[[-86.490935,34.31008],[-86.490924,34.309666],[-86.490936,34.308786],[-86.490957,34.308026],[-86.490978,34.307144],[-86.491006,34.305721],[-86.491031,34.303925],[-86.491067,34.303147],[-86.491071,34.30297],[-86.490988,34.302856],[-86.490873,34.302783],[-86.490651,34.30276],[-86.490462,34.302755],[-86.490412,34.302722],[-86.490368,34.302653],[-86.490365,34.302379],[-86.490331,34.301753],[-86.490288,34.301008],[-86.490249,34.300472],[-86.490192,34.300178],[-86.490128,34.300018],[-86.49011,34.299917],[-86.49011,34.299843],[-86.490085,34.299787],[-86.490029,34.299741],[-86.489942,34.299738],[-86.489852,34.299774],[-86.48981,34.299861],[-86.489828,34.299905]]}},{"type":"Feature","properties":{},"geometry":{"type":"LineString","coordinates":[[-86.533503,34.32561],[-86.533596,34.325753],[-86.533615,34.325842],[-86.53362,34.325904],[-86.533617,34.326038],[-86.533596,34.326419],[-86.53356,34.326806],[-86.533547,34.326988],[-86.533536,34.3271],[-86.533521,34.327178],[-86.533486,34.32727],[-86.533415,34.327385],[-86.533126,34.327704],[-86.53282,34.328053],[-86.532668,34.32824],[-86.532593,34.328352],[-86.532455,34.328629],[-86.532411,34.328709],[-86.532326,34.328784],[-86.532253,34.328844],[-86.532215,34.328886],[-86.532112,34.32913],[-86.532039,34.329337],[-86.532014,34.32951],[-86.532007,34.329684],[-86.532015,34.329955],[-86.531997,34.330438],[-86.532017,34.330565],[-86.532047,34.330704]]}},{"type":"Feature","properties":{},"geometry":{"type":"LineString","coordinates":[[-86.533559,34.32675],[-86.532855,34.326736],[-86.532737,34.326736],[-86.532616,34.326717],[-86.532496,34.326657],[-86.532424,34.326629],[-86.53237,34.326626],[-86.53233,34.326668],[-86.53233,34.326721]]}},{"type":"Feature","properties":{},"geometry":{"type":"LineString","coordinates":[[-86.529436,34.316764],[-86.529397,34.317154],[-86.529383,34.318005],[-86.529336,34.319749]]}},{"type":"Feature","properties":{},"geometry":{"type":"LineString","coordinates":[[-86.542188,34.379601],[-86.542391,34.379873],[-86.542652,34.380021],[-86.543506,34.380375],[-86.544391,34.380673],[-86.544926,34.380844],[-86.545647,34.381049],[-86.546161,34.381225],[-86.546403,34.38133],[-86.546466,34.381443],[-86.546588,34.381718],[-86.546485,34.381776],[-86.546335,34.381849],[-86.546325,34.382105],[-86.546322,34.382944],[-86.546306,34.383806]]}},{"type":"Feature","properties":{},"geometry":{"type":"LineString","coordinates":[[-86.546485,34.381776],[-86.546739,34.382113],[-86.547023,34.382411],[-86.547302,34.382589],[-86.548404,34.383228],[-86.549014,34.383606],[-86.549077,34.383639]]}},{"type":"Feature","properties":{},"geometry":{"type":"LineString","coordinates":[[-86.456915,34.371131],[-86.456912,34.37086],[-86.456903,34.370631],[-86.45689,34.370078],[-86.456897,34.369821],[-86.456914,34.369723],[-86.456937,34.369626]]}},{"type":"Feature","properties":{},"geometry":{"type":"LineString","coordinates":[[-86.498199,34.35972],[-86.498162,34.359656],[-86.498158,34.359657],[-86.498156,34.359655],[-86.498157,34.359651],[-86.498105,34.359604],[-86.497904,34.35899],[-86.497791,34.358662],[-86.497767,34.358603],[-86.497702,34.358502],[-86.497631,34.358437],[-86.497345,34.358326],[-86.497257,34.358307],[-86.497175,34.358266],[-86.497104,34.35825],[-86.497049,34.358269],[-86.497015,34.358296]]}},{"type":"Feature","properties":{},"geometry":{"type":"LineString","coordinates":[[-86.494196,34.282315],[-86.494368,34.281773],[-86.494466,34.281427],[-86.494514,34.28059],[-86.494582,34.279284],[-86.494611,34.279214],[-86.494771,34.279187],[-86.495948,34.2792]]}},{"type":"Feature","properties":{},"geometry":{"type":"LineString","coordinates":[[-86.443657,34.302679],[-86.444122,34.302643],[-86.444947,34.302663],[-86.446358,34.302666],[-86.450436,34.302614],[-86.451756,34.3026],[-86.45358,34.302606],[-86.45416,34.302618],[-86.454627,34.302596],[-86.455625,34.302589],[-86.456144,34.302566],[-86.456801,34.302559]]}},{"type":"Feature","properties":{},"geometry":{"type":"LineString","coordinates":[[-86.448453,34.295516],[-86.448408,34.295606],[-86.448265,34.295786],[-86.448114,34.295962],[-86.447991,34.296143],[-86.447834,34.296364],[-86.4476,34.296745],[-86.447482,34.297005],[-86.447363,34.297252],[-86.447296,34.297428],[-86.447229,34.297644],[-86.447216,34.297731],[-86.447203,34.297925],[-86.447195,34.298222],[-86.44716,34.298622],[-86.447118,34.298861],[-86.447069,34.299024],[-86.447012,34.299165],[-86.446744,34.299705],[-86.446504,34.300146],[-86.446391,34.30032],[-86.446222,34.300605],[-86.445958,34.301027],[-86.44572,34.301345],[-86.445477,34.301601],[-86.445236,34.301773],[-86.44494,34.301948],[-86.44454,34.302157],[-86.444169,34.302308],[-86.443888,34.302432],[-86.443758,34.302535],[-86.443657,34.302679]]}},{"type":"Feature","properties":{},"geometry":{"type":"LineString","coordinates":[[-86.460044,34.304847],[-86.460042,34.304849]]}},{"type":"Feature","properties":{},"geometry":{"type":"LineString","coordinates":[[-86.460044,34.304847],[-86.460025,34.304699],[-86.460057,34.30463],[-86.460073,34.304498],[-86.460071,34.304381],[-86.460066,34.304272],[-86.460067,34.303638],[-86.460063,34.303093],[-86.460044,34.301934],[-86.46001,34.301062],[-86.460002,34.30023],[-86.459985,34.299528],[-86.459965,34.29851],[-86.459906,34.297632],[-86.459895,34.297119],[-86.459918,34.297033],[-86.459921,34.297],[-86.459895,34.296927],[-86.459846,34.296883],[-86.459776,34.296854],[-86.459545,34.296819],[-86.45931,34.296798],[-86.45912,34.296801]]}},{"type":"Feature","properties":{},"geometry":{"type":"LineString","coordinates":[[-86.459973,34.298938],[-86.460121,34.298979],[-86.460432,34.299013],[-86.460756,34.299029],[-86.461373,34.299042],[-86.461909,34.299066],[-86.462309,34.299064],[-86.462624,34.29907],[-86.462926,34.299071],[-86.463338,34.299045],[-86.463924,34.299029],[-86.464047,34.299024]]}},{"type":"Feature","properties":{},"geometry":{"type":"LineString","coordinates":[[-86.566421,34.300663],[-86.567171,34.301124],[-86.567738,34.301477],[-86.568197,34.30179],[-86.568735,34.302163],[-86.569333,34.302599],[-86.569657,34.302862],[-86.569936,34.303196],[-86.570125,34.303472],[-86.570252,34.303697],[-86.570414,34.304007],[-86.570482,34.304276],[-86.570493,34.30456],[-86.570495,34.305044],[-86.570486,34.305419],[-86.570462,34.306166],[-86.570442,34.30668],[-86.570384,34.30781],[-86.570334,34.308909],[-86.570321,34.310212],[-86.570298,34.310992],[-86.570326,34.311219],[-86.570447,34.311564],[-86.570662,34.312098],[-86.570809,34.312485],[-86.570854,34.312529]]}},{"type":"Feature","properties":{},"geometry":{"type":"LineString","coordinates":[[-86.570854,34.312529],[-86.570918,34.312503],[-86.570978,34.312532]]}},{"type":"Feature","properties":{},"geometry":{"type":"LineString","coordinates":[[-86.562424,34.330677],[-86.562489,34.330395],[-86.562489,34.330357],[-86.562527,34.330208],[-86.562618,34.329949],[-86.562699,34.329826],[-86.562765,34.32974],[-86.563025,34.329586],[-86.563978,34.329047],[-86.564406,34.328799],[-86.564752,34.328578],[-86.564979,34.328419],[-86.565134,34.328278],[-86.565407,34.328007],[-86.565747,34.327567],[-86.566079,34.327183],[-86.566452,34.326694],[-86.566745,34.326301],[-86.567031,34.325905],[-86.567311,34.325598],[-86.567508,34.325434],[-86.567711,34.325306],[-86.56822,34.324968],[-86.568446,34.324788],[-86.568621,34.324616],[-86.568815,34.324342],[-86.568968,34.324069],[-86.569221,34.323452],[-86.569407,34.322936],[-86.569983,34.321504],[-86.570671,34.32158],[-86.571671,34.321718],[-86.572576,34.321818],[-86.572753,34.321788],[-86.57295,34.321728],[-86.573107,34.321643],[-86.573409,34.321411],[-86.573541,34.321262],[-86.57366,34.321116],[-86.573767,34.320973],[-86.5738,34.320852],[-86.573787,34.32047],[-86.573776,34.319085],[-86.573782,34.318242],[-86.573799,34.31706],[-86.573799,34.316078],[-86.57383,34.313111],[-86.573832,34.312234],[-86.573839,34.311978]]}},{"type":"Feature","properties":{},"geometry":{"type":"LineString","coordinates":[[-86.525094,34.315998],[-86.525093,34.316004]]}},{"type":"Feature","properties":{},"geometry":{"type":"LineString","coordinates":[[-86.525094,34.315998],[-86.525091,34.315672],[-86.525077,34.315185],[-86.525094,34.314539],[-86.525094,34.313958],[-86.525109,34.31316],[-86.525114,34.312398],[-86.525124,34.311552],[-86.525117,34.311331],[-86.524982,34.311305]]}},{"type":"Feature","properties":{},"geometry":{"type":"LineString","coordinates":[[-86.523581,34.315101],[-86.523554,34.31522],[-86.525083,34.315408]]}},{"type":"Feature","properties":{},"geometry":{"type":"LineString","coordinates":[[-86.433223,34.312765],[-86.434467,34.312762],[-86.434871,34.312756],[-86.435413,34.312744],[-86.435741,34.312725],[-86.435795,34.312718]]}},{"type":"Feature","properties":{},"geometry":{"type":"LineString","coordinates":[[-86.437538,34.334976],[-86.43745,34.334901],[-86.437444,34.334801],[-86.437445,34.334428],[-86.43746,34.333684],[-86.437466,34.332785],[-86.437495,34.331857],[-86.437522,34.331386],[-86.437519,34.32975]]}},{"type":"Feature","properties":{},"geometry":{"type":"LineString","coordinates":[[-86.463616,34.34447],[-86.463648,34.344737],[-86.463658,34.345171],[-86.463653,34.347078],[-86.463647,34.348203],[-86.463641,34.34853],[-86.463548,34.348582],[-86.463515,34.349388],[-86.463488,34.34972],[-86.463418,34.351972],[-86.463409,34.352993],[-86.463411,34.353229],[-86.463056,34.353762],[-86.462999,34.353844],[-86.463004,34.353851],[-86.463001,34.353861],[-86.462995,34.353864],[-86.462988,34.353865],[-86.462884,34.353975],[-86.462611,34.354295],[-86.462131,34.354868],[-86.461368,34.355747],[-86.461216,34.355898],[-86.461013,34.356032],[-86.460777,34.356161],[-86.460587,34.356236],[-86.460412,34.356289],[-86.460212,34.356339],[-86.459467,34.356483],[-86.459147,34.356559],[-86.458845,34.356634],[-86.458599,34.356702],[-86.458401,34.356782],[-86.458286,34.356861],[-86.458196,34.356954],[-86.458147,34.357057],[-86.458122,34.357128],[-86.458095,34.357233],[-86.458112,34.357427],[-86.458212,34.357981],[-86.458255,34.358352],[-86.458241,34.358585],[-86.458206,34.358931],[-86.458169,34.359202],[-86.458037,34.360022],[-86.457945,34.360519],[-86.457875,34.360755],[-86.457826,34.360822],[-86.457792,34.360854],[-86.457798,34.360859],[-86.457798,34.360866],[-86.457792,34.360871],[-86.457783,34.36087],[-86.457751,34.360938]]}},{"type":"Feature","properties":{},"geometry":{"type":"LineString","coordinates":[[-86.425336,34.361113],[-86.425932,34.360827],[-86.426528,34.360526],[-86.426537,34.360538],[-86.426533,34.360542],[-86.426534,34.360548],[-86.42654,34.360551],[-86.426545,34.36055],[-86.426679,34.360718],[-86.426548,34.360812],[-86.426506,34.36085],[-86.426542,34.360908],[-86.426594,34.360975],[-86.42663,34.361013],[-86.42676,34.36113],[-86.426956,34.361262],[-86.42706,34.361338],[-86.427362,34.361483],[-86.427559,34.361569],[-86.427926,34.361685],[-86.428268,34.361761],[-86.428543,34.361806],[-86.428663,34.361822],[-86.428879,34.361834],[-86.429285,34.361832],[-86.43041,34.361736],[-86.431362,34.361642],[-86.432772,34.361506],[-86.435218,34.361257],[-86.436,34.361185],[-86.436892,34.361106],[-86.43689,34.361099],[-86.436892,34.361092],[-86.436896,34.361088],[-86.436904,34.361085],[-86.43691,34.361085],[-86.436918,34.361088],[-86.436923,34.361094],[-86.436925,34.361098],[-86.437138,34.361082],[-86.43866,34.360939],[-86.439623,34.360859],[-86.439748,34.360856],[-86.440568,34.360857],[-86.441328,34.360895],[-86.442273,34.361008],[-86.442699,34.361076],[-86.442973,34.361117],[-86.443324,34.361186],[-86.444829,34.361467],[-86.445568,34.361622],[-86.446163,34.361721],[-86.446538,34.361769],[-86.446547,34.361764],[-86.446558,34.361762],[-86.446568,34.361765],[-86.446576,34.361772],[-86.446828,34.361792],[-86.447469,34.361806],[-86.447969,34.361801],[-86.448319,34.361787],[-86.449085,34.361714],[-86.449565,34.361639],[-86.449813,34.361599],[-86.450304,34.361478],[-86.450306,34.361482],[-86.450303,34.361485],[-86.450303,34.361488],[-86.450306,34.361491],[-86.450311,34.361491],[-86.450334,34.361559],[-86.450789,34.361455],[-86.451058,34.361397],[-86.451304,34.361345],[-86.451466,34.361315],[-86.451747,34.361269],[-86.45214,34.361215],[-86.452518,34.361179],[-86.452927,34.361151],[-86.453363,34.361136],[-86.453647,34.361125],[-86.454024,34.361093],[-86.454338,34.361075],[-86.454762,34.361041],[-86.455611,34.360985],[-86.456126,34.360957],[-86.456503,34.360946],[-86.457003,34.36094],[-86.457545,34.360945],[-86.458458,34.360967],[-86.459469,34.361029],[-86.460356,34.36109],[-86.461291,34.361125],[-86.461298,34.361137],[-86.461308,34.361147],[-86.461322,34.361153],[-86.461338,34.361155],[-86.46136,34.36115],[-86.461373,34.361142],[-86.461381,34.361131],[-86.463704,34.361222],[-86.463707,34.361234],[-86.463721,34.361249],[-86.463734,34.361255],[-86.463749,34.361257],[-86.463764,34.361254],[-86.463777,34.361248],[-86.463786,34.361238],[-86.463792,34.361226],[-86.467547,34.36135],[-86.467888,34.361369],[-86.468334,34.361407],[-86.468737,34.361464],[-86.469149,34.361545],[-86.4695,34.361633],[-86.469972,34.361793],[-86.470303,34.361914],[-86.470824,34.36216],[-86.471332,34.362447],[-86.471842,34.362793],[-86.47184,34.362805],[-86.471842,34.362817],[-86.47185,34.362828],[-86.471861,34.362836],[-86.471874,34.362841],[-86.471889,34.362842],[-86.471903,34.362838],[-86.471915,34.362832],[-86.472188,34.362992],[-86.4724,34.3631],[-86.472618,34.363194],[-86.472855,34.363287],[-86.473101,34.363366],[-86.473374,34.363442],[-86.473539,34.363478],[-86.474046,34.363581],[-86.474494,34.363631],[-86.476161,34.363753],[-86.476467,34.363773],[-86.476474,34.363779],[-86.476483,34.363782],[-86.476489,34.363782],[-86.476498,34.363778],[-86.476726,34.363788],[-86.477377,34.363832],[-86.478434,34.363907],[-86.479191,34.363964],[-86.480223,34.364036],[-86.480885,34.364071],[-86.480892,34.364081],[-86.480899,34.364086],[-86.480908,34.364088],[-86.480918,34.364088],[-86.480927,34.364085],[-86.480934,34.36408],[-86.480938,34.364073],[-86.481186,34.364082],[-86.481474,34.364087],[-86.481887,34.364081],[-86.482033,34.364075],[-86.482354,34.364058],[-86.482925,34.363993],[-86.483304,34.363943],[-86.483813,34.363848],[-86.48496,34.363624],[-86.485744,34.363465],[-86.486556,34.363304],[-86.487082,34.363206],[-86.487718,34.363099],[-86.488474,34.363001],[-86.489059,34.362922],[-86.489475,34.362862],[-86.490008,34.362771],[-86.49084,34.362584],[-86.4915,34.36239],[-86.492382,34.362085],[-86.493313,34.361705],[-86.493322,34.361712],[-86.493333,34.361717],[-86.493345,34.361718],[-86.493356,34.361715],[-86.493367,34.36171],[-86.493374,34.361702],[-86.493377,34.361692],[-86.493377,34.361682],[-86.493707,34.361539],[-86.494141,34.361367],[-86.494151,34.361372],[-86.494162,34.361373],[-86.494177,34.36137],[-86.494186,34.361364],[-86.494192,34.361357],[-86.494195,34.361343],[-86.494573,34.361189],[-86.496613,34.360381],[-86.498429,34.359625],[-86.499219,34.359331],[-86.500184,34.359002],[-86.500194,34.359011],[-86.500206,34.359016],[-86.50022,34.359017],[-86.500234,34.359015],[-86.500251,34.359004],[-86.500259,34.358988],[-86.500404,34.358931],[-86.50055,34.358877],[-86.500699,34.358828],[-86.50085,34.358782],[-86.502242,34.358339],[-86.504945,34.357518],[-86.505071,34.357502],[-86.505221,34.35757],[-86.505277,34.357691]]}},{"type":"Feature","properties":{},"geometry":{"type":"LineString","coordinates":[[-86.445441,34.363481],[-86.444858,34.364035],[-86.444583,34.364364],[-86.444476,34.364487],[-86.444423,34.364535],[-86.444285,34.364615],[-86.444144,34.364662],[-86.444016,34.364677],[-86.443481,34.364679],[-86.442209,34.3647],[-86.441359,34.364711],[-86.441355,34.364704],[-86.441345,34.3647],[-86.441336,34.364703],[-86.441331,34.364712],[-86.441155,34.364717]]}},{"type":"Feature","properties":{},"geometry":{"type":"LineString","coordinates":[[-86.446224,34.332113],[-86.44624,34.332379],[-86.446283,34.332629],[-86.446381,34.333058],[-86.446543,34.333946],[-86.446635,34.334246],[-86.446817,34.334628],[-86.446992,34.334875],[-86.447238,34.335244],[-86.447442,34.335384],[-86.447607,34.335422],[-86.44863,34.335459]]}},{"type":"Feature","properties":{},"geometry":{"type":"LineString","coordinates":[[-86.470548,34.324421],[-86.47055,34.324465],[-86.470551,34.324582]]}},{"type":"Feature","properties":{},"geometry":{"type":"LineString","coordinates":[[-86.470551,34.324582],[-86.470562,34.325522],[-86.470584,34.32678],[-86.470565,34.327475],[-86.470546,34.327978],[-86.47052,34.329111],[-86.470506,34.330366],[-86.47051,34.331236]]}},{"type":"Feature","properties":{},"geometry":{"type":"LineString","coordinates":[[-86.467891,34.325081],[-86.467872,34.325767],[-86.467829,34.32671],[-86.467775,34.326922],[-86.467704,34.327039],[-86.467365,34.327464],[-86.46719,34.327661],[-86.466994,34.327707],[-86.466877,34.327708],[-86.46683,34.327736],[-86.466769,34.327761],[-86.466675,34.327762],[-86.466652,34.327755],[-86.46663,34.327746],[-86.466611,34.327733],[-86.466595,34.327718],[-86.466582,34.327701],[-86.466572,34.327682],[-86.466567,34.327662],[-86.466566,34.327642],[-86.46657,34.327622],[-86.466577,34.327602],[-86.466588,34.327584],[-86.466603,34.327568],[-86.466621,34.327554],[-86.466642,34.327543],[-86.466664,34.327536],[-86.466688,34.327531],[-86.466713,34.32753],[-86.466737,34.327533],[-86.46676,34.327538]]}},{"type":"Feature","properties":{},"geometry":{"type":"LineString","coordinates":[[-86.460944,34.345306],[-86.460741,34.345804],[-86.46063,34.346185],[-86.460554,34.346188],[-86.460169,34.346146],[-86.459907,34.346079],[-86.459482,34.345852],[-86.458907,34.346419],[-86.458505,34.346774],[-86.457871,34.347232],[-86.456846,34.347854],[-86.45581,34.348389]]}},{"type":"Feature","properties":{},"geometry":{"type":"LineString","coordinates":[[-86.437203,34.341598],[-86.437351,34.341809],[-86.437392,34.341922],[-86.437424,34.342113],[-86.437427,34.342217],[-86.43738,34.3425],[-86.437325,34.34319],[-86.437294,34.343457],[-86.437255,34.343698],[-86.437209,34.343903]]}},{"type":"Feature","properties":{},"geometry":{"type":"LineString","coordinates":[[-86.446922,34.345083],[-86.446727,34.344859],[-86.446591,34.344675],[-86.446494,34.34456],[-86.446285,34.34425],[-86.446221,34.344096],[-86.446221,34.343904],[-86.44624,34.343617],[-86.446267,34.34339],[-86.446292,34.343076],[-86.446305,34.342808],[-86.446229,34.342566],[-86.446152,34.342383],[-86.446099,34.342262],[-86.446101,34.342139],[-86.4461,34.341487],[-86.446109,34.341069]]}},{"type":"Feature","properties":{},"geometry":{"type":"LineString","coordinates":[[-86.439841,34.352146],[-86.43877,34.352156],[-86.437929,34.352166],[-86.437117,34.352165],[-86.436766,34.352158],[-86.436645,34.352136],[-86.436562,34.352094],[-86.436537,34.352046],[-86.436542,34.351999],[-86.436604,34.35167],[-86.43661,34.35157],[-86.436595,34.351322],[-86.436542,34.35116],[-86.436434,34.35099],[-86.436366,34.350903],[-86.436319,34.350872],[-86.436281,34.350862],[-86.436061,34.350851],[-86.435936,34.350852]]}},{"type":"Feature","properties":{},"geometry":{"type":"LineString","coordinates":[[-86.425284,34.353629],[-86.426781,34.353649],[-86.428475,34.353675],[-86.428929,34.353694],[-86.429716,34.353696],[-86.43106,34.353689],[-86.432203,34.353698],[-86.432511,34.353709]]}},{"type":"Feature","properties":{},"geometry":{"type":"LineString","coordinates":[[-86.45134,34.361338],[-86.451322,34.36127],[-86.451328,34.361266],[-86.451329,34.36126],[-86.451325,34.361255],[-86.451318,34.361253],[-86.451307,34.361223],[-86.451295,34.361166],[-86.451297,34.361131],[-86.451293,34.360704],[-86.451289,34.360526],[-86.451306,34.36043],[-86.451346,34.360355],[-86.4514,34.360284],[-86.451585,34.360114],[-86.451666,34.360021],[-86.451759,34.359871],[-86.451808,34.359801],[-86.451842,34.359722],[-86.451853,34.35965],[-86.451817,34.359606],[-86.451785,34.359588]]}},{"type":"Feature","properties":{},"geometry":{"type":"LineString","coordinates":[[-86.443297,34.355341],[-86.444302,34.355356]]}},{"type":"Feature","properties":{},"geometry":{"type":"LineString","coordinates":[[-86.534961,34.368551],[-86.535349,34.368413],[-86.535564,34.368334],[-86.535684,34.368261],[-86.535812,34.368138],[-86.535838,34.36811],[-86.535927,34.367985],[-86.53618,34.367472],[-86.536422,34.367022],[-86.536547,34.366817],[-86.536618,34.36673],[-86.536845,34.366534],[-86.537194,34.366255],[-86.53728,34.366136],[-86.537314,34.366037],[-86.537357,34.365869],[-86.537346,34.365827],[-86.537279,34.365815],[-86.535718,34.365796],[-86.534319,34.365759],[-86.533025,34.365709]]}},{"type":"Feature","properties":{},"geometry":{"type":"LineString","coordinates":[[-86.546586,34.362595],[-86.546577,34.362868],[-86.546615,34.363148],[-86.546687,34.363589],[-86.546691,34.36383],[-86.546653,34.363984],[-86.546588,34.364033],[-86.546495,34.364051],[-86.544996,34.364208],[-86.544153,34.364305],[-86.543811,34.36435],[-86.543672,34.364383],[-86.54344,34.364456],[-86.543374,34.364486],[-86.543313,34.364521],[-86.543257,34.364562],[-86.543082,34.364707],[-86.542934,34.364814],[-86.542874,34.364849],[-86.542811,34.364882],[-86.542644,34.364962],[-86.542541,34.365008],[-86.542532,34.365011],[-86.542524,34.36501]]}},{"type":"Feature","properties":{},"geometry":{"type":"LineString","coordinates":[[-86.514764,34.368999],[-86.514765,34.369137],[-86.515504,34.369159],[-86.515878,34.369177],[-86.5163,34.369205],[-86.516534,34.369242],[-86.516616,34.36927],[-86.516711,34.369318],[-86.516746,34.369372],[-86.516749,34.369511],[-86.516696,34.370079],[-86.516665,34.370638],[-86.516621,34.370721]]}},{"type":"Feature","properties":{},"geometry":{"type":"LineString","coordinates":[[-86.511961,34.372596],[-86.511906,34.37264],[-86.511842,34.372662],[-86.511683,34.372676],[-86.511552,34.372692],[-86.511485,34.372714],[-86.511421,34.372741],[-86.511372,34.372784],[-86.511196,34.373002],[-86.51112,34.373085],[-86.511044,34.37315],[-86.510974,34.373193],[-86.510913,34.373218],[-86.510737,34.373269],[-86.510545,34.373329],[-86.510361,34.373375],[-86.510222,34.373405],[-86.510022,34.373431],[-86.509849,34.373429],[-86.50975,34.373421],[-86.509468,34.373375],[-86.509258,34.373329],[-86.508919,34.373246],[-86.508677,34.373178],[-86.508541,34.373136],[-86.508448,34.373123],[-86.508372,34.37312]]}},{"type":"Feature","properties":{},"geometry":{"type":"LineString","coordinates":[[-86.493787,34.372527],[-86.491941,34.372503],[-86.490826,34.372501],[-86.489594,34.372493],[-86.488682,34.372465],[-86.4859,34.372443],[-86.485417,34.372457],[-86.485228,34.372482],[-86.4851,34.372515],[-86.484816,34.372612],[-86.484536,34.372734],[-86.483787,34.373156],[-86.482655,34.3738],[-86.482187,34.374135],[-86.481859,34.374423],[-86.481642,34.374552],[-86.481549,34.374596],[-86.481358,34.374678],[-86.481054,34.374775],[-86.480619,34.374895],[-86.480271,34.374998],[-86.479903,34.375115],[-86.479643,34.375207],[-86.479253,34.375394],[-86.478857,34.375649],[-86.478474,34.375893],[-86.478277,34.375968],[-86.478094,34.375998],[-86.477891,34.376014],[-86.476978,34.376016],[-86.476502,34.37602]]}},{"type":"Feature","properties":{},"geometry":{"type":"LineString","coordinates":[[-86.480772,34.378994],[-86.479969,34.378416],[-86.479028,34.377752],[-86.47798,34.377035],[-86.476888,34.376279],[-86.476502,34.37602]]}},{"type":"Feature","properties":{},"geometry":{"type":"LineString","coordinates":[[-86.476502,34.37602],[-86.476157,34.375806],[-86.475948,34.375631],[-86.475944,34.375573],[-86.47574,34.375423],[-86.475628,34.375411],[-86.47549,34.375342],[-86.475231,34.375185],[-86.474894,34.375006],[-86.474139,34.374623],[-86.473746,34.374427],[-86.47358,34.37434],[-86.472224,34.37354],[-86.471888,34.373332],[-86.471731,34.373228],[-86.47163,34.373145],[-86.471491,34.373015],[-86.471332,34.372831],[-86.471069,34.372498],[-86.470393,34.371581],[-86.470133,34.371195],[-86.46997,34.370909],[-86.469628,34.370343],[-86.46952,34.37017],[-86.469409,34.370001],[-86.46924,34.369729],[-86.468893,34.369162],[-86.468646,34.368779],[-86.468472,34.368504],[-86.468386,34.36835]]}},{"type":"Feature","properties":{},"geometry":{"type":"LineString","coordinates":[[-86.479589,34.369283],[-86.479788,34.369564],[-86.479911,34.369886],[-86.480021,34.370102],[-86.480109,34.370244],[-86.480251,34.370403],[-86.48051,34.370647],[-86.4806,34.370765],[-86.480684,34.370902],[-86.480805,34.371164],[-86.480908,34.371355],[-86.481005,34.371494],[-86.481178,34.371779],[-86.481374,34.372159],[-86.481511,34.372376],[-86.481567,34.372527],[-86.4816,34.372661],[-86.481593,34.372753],[-86.481565,34.37288],[-86.481479,34.373128],[-86.481458,34.373242],[-86.48149,34.373537],[-86.481497,34.373681],[-86.481463,34.373881],[-86.481437,34.374103],[-86.481432,34.374238],[-86.481509,34.374395],[-86.481592,34.374434],[-86.481642,34.374439],[-86.481701,34.374517]]}},{"type":"Feature","properties":{},"geometry":{"type":"LineString","coordinates":[[-86.509523,34.384078],[-86.50953,34.384449]]}},{"type":"Feature","properties":{},"geometry":{"type":"LineString","coordinates":[[-86.50953,34.384449],[-86.509353,34.384772],[-86.509102,34.385383],[-86.509053,34.385471]]}},{"type":"Feature","properties":{},"geometry":{"type":"LineString","coordinates":[[-86.509529,34.384398],[-86.509758,34.384588],[-86.510111,34.384866],[-86.510358,34.385045],[-86.510749,34.385323],[-86.510968,34.385474],[-86.511092,34.38558],[-86.511304,34.385778],[-86.511674,34.386189],[-86.512182,34.386774],[-86.512803,34.387476]]}},{"type":"Feature","properties":{},"geometry":{"type":"LineString","coordinates":[[-86.548143,34.316529],[-86.548132,34.316452],[-86.548118,34.316226],[-86.548112,34.31599],[-86.54813,34.315694],[-86.548158,34.315346],[-86.54815,34.314784]]}},{"type":"Feature","properties":{},"geometry":{"type":"LineString","coordinates":[[-86.496345,34.308537],[-86.496247,34.308545],[-86.495678,34.308661],[-86.495029,34.308786],[-86.494191,34.308966],[-86.493959,34.309028]]}},{"type":"Feature","properties":{},"geometry":{"type":"LineString","coordinates":[[-86.440054,34.360856],[-86.440033,34.360841],[-86.440023,34.360789],[-86.440021,34.360583],[-86.440029,34.360457],[-86.440032,34.360259],[-86.440032,34.359756],[-86.439993,34.359281],[-86.439962,34.359093],[-86.439961,34.359037],[-86.439973,34.358993],[-86.439984,34.358958],[-86.440021,34.358894],[-86.440057,34.35885],[-86.440212,34.358821],[-86.440387,34.358811],[-86.440722,34.35882]]}},{"type":"Feature","properties":{},"geometry":{"type":"LineString","coordinates":[[-86.557814,34.364325],[-86.555696,34.364207]]}},{"type":"Feature","properties":{},"geometry":{"type":"LineString","coordinates":[[-86.557813,34.364496],[-86.557828,34.364751],[-86.55786,34.364969],[-86.557911,34.365154],[-86.558017,34.365473],[-86.558099,34.365745],[-86.558126,34.366061],[-86.558086,34.366389],[-86.558032,34.366859],[-86.557878,34.367913],[-86.557809,34.368425],[-86.557746,34.369333],[-86.557731,34.369826]]}},{"type":"Feature","properties":{},"geometry":{"type":"LineString","coordinates":[[-86.51344,34.362166],[-86.513113,34.362127],[-86.512892,34.362114],[-86.512685,34.362128],[-86.512613,34.36219],[-86.512503,34.362358],[-86.512384,34.362548],[-86.512355,34.362684],[-86.512394,34.362837],[-86.512452,34.362945],[-86.512485,34.363079],[-86.512452,34.363147],[-86.512393,34.363172],[-86.511996,34.363272],[-86.511811,34.36335],[-86.511754,34.363412],[-86.51175,34.363471],[-86.511744,34.36397],[-86.511742,34.364604]]}},{"type":"Feature","properties":{},"geometry":{"type":"LineString","coordinates":[[-86.505141,34.344644],[-86.504833,34.344054],[-86.504697,34.343789],[-86.504343,34.342969],[-86.504211,34.342678],[-86.504111,34.342421],[-86.504082,34.341471]]}},{"type":"Feature","properties":{},"geometry":{"type":"LineString","coordinates":[[-86.505242,34.341855],[-86.505196,34.341842],[-86.505136,34.341852],[-86.504979,34.3419],[-86.504608,34.342037],[-86.504298,34.34214],[-86.504198,34.342177],[-86.504148,34.342208],[-86.504116,34.342234]]}},{"type":"Feature","properties":{},"geometry":{"type":"LineString","coordinates":[[-86.50062,34.343062],[-86.501289,34.343069],[-86.501931,34.343059],[-86.502437,34.343066],[-86.503178,34.343073],[-86.503311,34.343069],[-86.503512,34.34302],[-86.503528,34.343798],[-86.503546,34.345051],[-86.503538,34.345434]]}},{"type":"Feature","properties":{},"geometry":{"type":"LineString","coordinates":[[-86.49979,34.343214],[-86.498838,34.343199],[-86.498455,34.343188],[-86.498434,34.343187]]}},{"type":"Feature","properties":{},"geometry":{"type":"LineString","coordinates":[[-86.504386,34.33745],[-86.503938,34.337506],[-86.503786,34.337521],[-86.503764,34.337684]]}},{"type":"Feature","properties":{},"geometry":{"type":"LineString","coordinates":[[-86.50594,34.334931],[-86.505312,34.334921],[-86.504569,34.334905],[-86.504591,34.335525]]}},{"type":"Feature","properties":{},"geometry":{"type":"LineString","coordinates":[[-86.505942,34.332431],[-86.506559,34.332238],[-86.506649,34.332226],[-86.5067,34.332248],[-86.506727,34.332292],[-86.506712,34.332713],[-86.506694,34.333554],[-86.506686,34.333718],[-86.506647,34.334844],[-86.506643,34.334862]]}},{"type":"Feature","properties":{},"geometry":{"type":"LineString","coordinates":[[-86.506655,34.321388],[-86.507231,34.321398],[-86.507507,34.321409],[-86.507681,34.321407],[-86.507888,34.321428],[-86.508251,34.321442]]}},{"type":"Feature","properties":{},"geometry":{"type":"LineString","coordinates":[[-86.494486,34.323363],[-86.494423,34.323278],[-86.494319,34.323143],[-86.49428,34.323083]]}},{"type":"Feature","properties":{},"geometry":{"type":"LineString","coordinates":[[-86.494169,34.319355],[-86.494597,34.319363],[-86.494684,34.319342],[-86.494774,34.31931],[-86.494829,34.31928],[-86.494882,34.319243],[-86.495009,34.319145]]}},{"type":"Feature","properties":{},"geometry":{"type":"LineString","coordinates":[[-86.494981,34.318098],[-86.494702,34.318084],[-86.494543,34.318078],[-86.494308,34.318067]]}},{"type":"Feature","properties":{},"geometry":{"type":"LineString","coordinates":[[-86.494394,34.316223],[-86.49511,34.316348]]}},{"type":"Feature","properties":{},"geometry":{"type":"LineString","coordinates":[[-86.494463,34.316326],[-86.494787,34.316384],[-86.494974,34.316428],[-86.495128,34.316445]]}},{"type":"Feature","properties":{},"geometry":{"type":"LineString","coordinates":[[-86.498345,34.316145],[-86.497299,34.316404],[-86.497278,34.316403],[-86.497266,34.316375],[-86.497262,34.316293],[-86.497275,34.31602],[-86.497307,34.315769]]}},{"type":"Feature","properties":{},"geometry":{"type":"LineString","coordinates":[[-86.499559,34.315834],[-86.499547,34.315755],[-86.499547,34.315363]]}},{"type":"Feature","properties":{},"geometry":{"type":"LineString","coordinates":[[-86.503985,34.314055],[-86.503976,34.313767]]}},{"type":"Feature","properties":{},"geometry":{"type":"LineString","coordinates":[[-86.507103,34.313267],[-86.507081,34.313608],[-86.507053,34.313946],[-86.507048,34.313967],[-86.506976,34.313991],[-86.506869,34.314014],[-86.506809,34.314052]]}},{"type":"Feature","properties":{},"geometry":{"type":"LineString","coordinates":[[-86.507192,34.314234],[-86.507181,34.314721]]}},{"type":"Feature","properties":{},"geometry":{"type":"LineString","coordinates":[[-86.509811,34.314209],[-86.50946,34.31413],[-86.509197,34.314098],[-86.508915,34.314073],[-86.508752,34.314049],[-86.50835,34.314021],[-86.508154,34.314006],[-86.50786,34.313998],[-86.507605,34.313932]]}},{"type":"Feature","properties":{},"geometry":{"type":"LineString","coordinates":[[-86.510676,34.308443],[-86.510704,34.308487],[-86.510927,34.309358],[-86.511087,34.310058],[-86.511236,34.310618]]}},{"type":"Feature","properties":{},"geometry":{"type":"LineString","coordinates":[[-86.507605,34.313932],[-86.507974,34.313844],[-86.509401,34.313484],[-86.51003,34.313329],[-86.510685,34.313183],[-86.511039,34.313126],[-86.511394,34.313086],[-86.511975,34.313039],[-86.512846,34.312997]]}},{"type":"Feature","properties":{},"geometry":{"type":"LineString","coordinates":[[-86.479104,34.332699],[-86.47947,34.332535],[-86.47984,34.332349],[-86.479973,34.332275],[-86.480568,34.331915],[-86.480905,34.331703],[-86.48126,34.331476],[-86.481719,34.331171],[-86.4819,34.331054],[-86.482742,34.330512],[-86.483025,34.330326],[-86.483873,34.329778],[-86.483991,34.329702],[-86.484276,34.329528],[-86.484458,34.329419],[-86.484671,34.329302],[-86.484965,34.329146],[-86.4856,34.328812],[-86.486085,34.328562],[-86.486889,34.328138]]}},{"type":"Feature","properties":{},"geometry":{"type":"LineString","coordinates":[[-86.486908,34.32831],[-86.486566,34.328484],[-86.486386,34.328578],[-86.486095,34.328735],[-86.485604,34.329005],[-86.485331,34.329136],[-86.48498,34.329324],[-86.484764,34.329444],[-86.484349,34.329683],[-86.483867,34.329979],[-86.483691,34.330081]]}},{"type":"Feature","properties":{},"geometry":{"type":"LineString","coordinates":[[-86.487514,34.329218],[-86.487384,34.329198],[-86.487269,34.329185],[-86.48715,34.329185],[-86.487035,34.329179],[-86.486913,34.32918]]}},{"type":"Feature","properties":{},"geometry":{"type":"LineString","coordinates":[[-86.486508,34.33163],[-86.486634,34.331625],[-86.486758,34.331619],[-86.48688,34.331618]]}},{"type":"Feature","properties":{},"geometry":{"type":"LineString","coordinates":[[-86.507181,34.314721],[-86.507177,34.31491]]}},{"type":"Feature","properties":{},"geometry":{"type":"LineString","coordinates":[[-86.503991,34.314244],[-86.503985,34.314055]]}},{"type":"Feature","properties":{},"geometry":{"type":"LineString","coordinates":[[-86.501091,34.315454],[-86.501086,34.315437],[-86.501085,34.315401],[-86.501001,34.315399],[-86.501015,34.315177],[-86.501018,34.315017]]}},{"type":"Feature","properties":{},"geometry":{"type":"LineString","coordinates":[[-86.495877,34.314006],[-86.495986,34.312793],[-86.496014,34.312389],[-86.496046,34.3121]]}},{"type":"Feature","properties":{},"geometry":{"type":"LineString","coordinates":[[-86.492963,34.311871],[-86.492982,34.311209],[-86.492989,34.310383],[-86.492987,34.310179],[-86.493001,34.309546],[-86.492995,34.309501],[-86.492967,34.309484],[-86.492937,34.309459]]}},{"type":"Feature","properties":{},"geometry":{"type":"LineString","coordinates":[[-86.493809,34.314859],[-86.493833,34.314358],[-86.493839,34.313978]]}},{"type":"Feature","properties":{},"geometry":{"type":"LineString","coordinates":[[-86.490952,34.310163],[-86.491425,34.310027],[-86.491916,34.309866],[-86.492194,34.309764],[-86.492541,34.309632],[-86.492855,34.309498],[-86.492937,34.309459]]}},{"type":"Feature","properties":{},"geometry":{"type":"LineString","coordinates":[[-86.485805,34.31927],[-86.486082,34.319262],[-86.487253,34.319269]]}},{"type":"Feature","properties":{},"geometry":{"type":"LineString","coordinates":[[-86.481809,34.317207],[-86.481851,34.316814],[-86.481886,34.316444],[-86.481938,34.316018],[-86.481972,34.315704],[-86.482,34.315419],[-86.481996,34.315375],[-86.481977,34.31534]]}},{"type":"Feature","properties":{},"geometry":{"type":"LineString","coordinates":[[-86.479591,34.323059],[-86.479567,34.32301],[-86.47952,34.322935],[-86.479455,34.322895]]}},{"type":"Feature","properties":{},"geometry":{"type":"LineString","coordinates":[[-86.480494,34.322009],[-86.480521,34.322059],[-86.480599,34.322115],[-86.480718,34.32219]]}},{"type":"Feature","properties":{},"geometry":{"type":"LineString","coordinates":[[-86.491649,34.324796],[-86.491683,34.324796],[-86.491724,34.324793],[-86.491883,34.324793],[-86.492299,34.324776]]}},{"type":"Feature","properties":{},"geometry":{"type":"LineString","coordinates":[[-86.490471,34.325729],[-86.490469,34.325804],[-86.490471,34.325844],[-86.490465,34.325883],[-86.490467,34.32596],[-86.490469,34.325987],[-86.490463,34.326164]]}},{"type":"Feature","properties":{},"geometry":{"type":"LineString","coordinates":[[-86.489345,34.326777],[-86.489346,34.326689],[-86.489349,34.326649],[-86.489347,34.32662],[-86.489349,34.326577],[-86.489346,34.32655],[-86.489348,34.326477]]}},{"type":"Feature","properties":{},"geometry":{"type":"LineString","coordinates":[[-86.488065,34.327202],[-86.488063,34.327242],[-86.488053,34.327297],[-86.488048,34.327374]]}},{"type":"Feature","properties":{},"geometry":{"type":"LineString","coordinates":[[-86.490855,34.311856],[-86.490864,34.311525],[-86.490869,34.311068],[-86.490885,34.31024],[-86.490914,34.310188],[-86.490952,34.310163]]}},{"type":"Feature","properties":{},"geometry":{"type":"LineString","coordinates":[[-86.49085,34.312031],[-86.490674,34.312036]]}},{"type":"Feature","properties":{},"geometry":{"type":"LineString","coordinates":[[-86.490763,34.315148],[-86.490786,34.315052],[-86.490805,34.314914],[-86.490818,34.314771],[-86.49083,34.314542],[-86.490822,34.313931],[-86.490822,34.313784]]}},{"type":"Feature","properties":{},"geometry":{"type":"LineString","coordinates":[[-86.504305,34.323734],[-86.505067,34.323752],[-86.505717,34.323749],[-86.506301,34.323765],[-86.506404,34.323777],[-86.506451,34.323804],[-86.506472,34.32384],[-86.506487,34.323841]]}},{"type":"Feature","properties":{},"geometry":{"type":"LineString","coordinates":[[-86.503275,34.321234],[-86.50337,34.321316],[-86.503494,34.321337],[-86.503657,34.321345],[-86.504126,34.321349],[-86.504285,34.321336]]}},{"type":"Feature","properties":{},"geometry":{"type":"LineString","coordinates":[[-86.506643,34.334862],[-86.506636,34.334891],[-86.506606,34.334924],[-86.506579,34.334939],[-86.506513,34.33494],[-86.50594,34.334931]]}},{"type":"Feature","properties":{},"geometry":{"type":"LineString","coordinates":[[-86.441533,34.346579],[-86.441544,34.346607],[-86.441549,34.346678]]}},{"type":"Feature","properties":{},"geometry":{"type":"LineString","coordinates":[[-86.441534,34.34657],[-86.441533,34.346579]]}},{"type":"Feature","properties":{},"geometry":{"type":"LineString","coordinates":[[-86.439735,34.346551],[-86.439973,34.346546],[-86.440329,34.346542],[-86.44096,34.346548],[-86.441395,34.346554],[-86.441488,34.346557],[-86.441509,34.346561],[-86.441522,34.346568],[-86.441534,34.34657]]}},{"type":"Feature","properties":{},"geometry":{"type":"LineString","coordinates":[[-86.439735,34.346551],[-86.439777,34.346577],[-86.439803,34.346621],[-86.439807,34.347063],[-86.439803,34.347271],[-86.439804,34.347506]]}},{"type":"Feature","properties":{},"geometry":{"type":"LineString","coordinates":[[-86.439841,34.352146],[-86.439829,34.352205],[-86.439816,34.352365],[-86.43982,34.352449],[-86.439829,34.352502],[-86.439868,34.352622]]}},{"type":"Feature","properties":{},"geometry":{"type":"LineString","coordinates":[[-86.448166,34.346739],[-86.448056,34.346703]]}},{"type":"Feature","properties":{},"geometry":{"type":"LineString","coordinates":[[-86.442977,34.333023],[-86.442965,34.333052],[-86.442639,34.333589]]}},{"type":"Feature","properties":{},"geometry":{"type":"LineString","coordinates":[[-86.509297,34.365431],[-86.509283,34.365435]]}},{"type":"Feature","properties":{},"geometry":{"type":"LineString","coordinates":[[-86.512367,34.336753],[-86.512063,34.3367]]}},{"type":"Feature","properties":{},"geometry":{"type":"LineString","coordinates":[[-86.496845,34.320962],[-86.497019,34.321024],[-86.49721,34.321087],[-86.497395,34.321136],[-86.497716,34.321197],[-86.497977,34.321222],[-86.498367,34.32123],[-86.49857,34.321239],[-86.499106,34.321251],[-86.499329,34.321243]]}},{"type":"Feature","properties":{},"geometry":{"type":"LineString","coordinates":[[-86.492677,34.350304],[-86.492784,34.350323],[-86.492895,34.350333],[-86.493138,34.350341],[-86.493372,34.35034],[-86.493742,34.350332]]}},{"type":"Feature","properties":{},"geometry":{"type":"LineString","coordinates":[[-86.493742,34.350337],[-86.493742,34.350332]]}},{"type":"Feature","properties":{},"geometry":{"type":"LineString","coordinates":[[-86.499329,34.321243],[-86.499332,34.321243],[-86.499333,34.321243],[-86.499449,34.32125],[-86.499628,34.321259],[-86.500043,34.32127],[-86.500126,34.321272]]}},{"type":"Feature","properties":{},"geometry":{"type":"LineString","coordinates":[[-86.49645,34.307408],[-86.496425,34.307708],[-86.496366,34.308344],[-86.496343,34.308558]]}},{"type":"Feature","properties":{},"geometry":{"type":"LineString","coordinates":[[-86.496546,34.306088],[-86.496531,34.306385],[-86.496518,34.306552]]}},{"type":"Feature","properties":{},"geometry":{"type":"LineString","coordinates":[[-86.496546,34.306088],[-86.496534,34.306099],[-86.496513,34.3061],[-86.496488,34.306093],[-86.496466,34.306067],[-86.496221,34.305545]]}},{"type":"Feature","properties":{},"geometry":{"type":"LineString","coordinates":[[-86.495986,34.320791],[-86.49598,34.320782],[-86.495963,34.320731],[-86.495909,34.32071],[-86.495798,34.320698],[-86.495793,34.320703],[-86.495786,34.320704],[-86.495781,34.320701],[-86.495778,34.320696]]}},{"type":"Feature","properties":{},"geometry":{"type":"LineString","coordinates":[[-86.495987,34.320808],[-86.495986,34.320791]]}},{"type":"Feature","properties":{},"geometry":{"type":"LineString","coordinates":[[-86.493649,34.31611],[-86.493684,34.316028],[-86.49369,34.316027],[-86.493693,34.316024],[-86.493693,34.316019],[-86.493689,34.316016],[-86.493753,34.315862],[-86.493809,34.314859]]}},{"type":"Feature","properties":{},"geometry":{"type":"LineString","coordinates":[[-86.499996,34.358855],[-86.499994,34.358851],[-86.499987,34.358826],[-86.499979,34.358798]]}},{"type":"Feature","properties":{},"geometry":{"type":"LineString","coordinates":[[-86.486775,34.324716],[-86.486775,34.324715],[-86.486776,34.324711]]}},{"type":"Feature","properties":{},"geometry":{"type":"LineString","coordinates":[[-86.486775,34.324716]]}},{"type":"Feature","properties":{},"geometry":{"type":"LineString","coordinates":[[-86.486187,34.328416],[-86.48618,34.328416]]}},{"type":"Feature","properties":{},"geometry":{"type":"LineString","coordinates":[[-86.478776,34.32838],[-86.478488,34.328377],[-86.478346,34.328373],[-86.478292,34.328375],[-86.478106,34.328371],[-86.477666,34.328368],[-86.477532,34.32837],[-86.477483,34.328369],[-86.477453,34.328371],[-86.477362,34.328371],[-86.477232,34.328377]]}},{"type":"Feature","properties":{},"geometry":{"type":"LineString","coordinates":[[-86.478776,34.328378],[-86.478776,34.32838]]}},{"type":"Feature","properties":{},"geometry":{"type":"LineString","coordinates":[[-86.474601,34.32449],[-86.47459,34.325046]]}},{"type":"Feature","properties":{},"geometry":{"type":"LineString","coordinates":[[-86.4799,34.305958],[-86.479868,34.306482],[-86.479853,34.307236],[-86.479848,34.307665],[-86.479831,34.308176],[-86.479808,34.308544],[-86.479778,34.308915],[-86.479768,34.309189],[-86.479764,34.309975],[-86.479769,34.310053],[-86.479796,34.310128],[-86.479824,34.310196],[-86.479863,34.310264],[-86.479907,34.310332],[-86.479966,34.310399],[-86.480047,34.310472],[-86.480128,34.31054],[-86.480195,34.31061],[-86.480241,34.310667],[-86.480278,34.310745],[-86.480316,34.310917],[-86.480324,34.311124],[-86.480312,34.3113],[-86.480292,34.311876],[-86.480267,34.312313],[-86.480263,34.312792],[-86.480252,34.3132],[-86.480265,34.313268],[-86.480286,34.313341],[-86.480373,34.313459],[-86.4806,34.31364],[-86.480792,34.313782],[-86.480849,34.313832],[-86.480875,34.313878],[-86.480888,34.313916],[-86.480896,34.313967],[-86.480878,34.3141],[-86.480813,34.31444],[-86.480768,34.314699],[-86.480754,34.314759],[-86.480723,34.314782],[-86.480724,34.314785],[-86.480721,34.314788],[-86.480718,34.314789],[-86.480714,34.314787],[-86.480671,34.314797],[-86.480604,34.314882]]}},{"type":"Feature","properties":{},"geometry":{"type":"LineString","coordinates":[[-86.479286,34.314203],[-86.479203,34.314119],[-86.479194,34.314113],[-86.479175,34.314097],[-86.47916,34.314078],[-86.47911,34.314022],[-86.479091,34.314002],[-86.47905,34.313965],[-86.479034,34.313948],[-86.479029,34.31395],[-86.479021,34.313951],[-86.479012,34.313947],[-86.479008,34.313941],[-86.479007,34.313937],[-86.479009,34.313932],[-86.479014,34.313927],[-86.478931,34.313835],[-86.478897,34.313803],[-86.478837,34.313755],[-86.478782,34.3137],[-86.478665,34.313599]]}},{"type":"Feature","properties":{},"geometry":{"type":"LineString","coordinates":[[-86.442116,34.306088],[-86.442211,34.306036],[-86.44231,34.305867],[-86.442578,34.305592],[-86.442876,34.305336],[-86.443,34.305203],[-86.443111,34.305075],[-86.443234,34.304896],[-86.443384,34.304652],[-86.443504,34.304336],[-86.443562,34.304169],[-86.443578,34.304013],[-86.443615,34.303315],[-86.443626,34.303049],[-86.443657,34.302679]]}},{"type":"Feature","properties":{},"geometry":{"type":"LineString","coordinates":[[-86.529742,34.316331],[-86.529954,34.316288],[-86.530298,34.316203],[-86.530586,34.316102],[-86.530862,34.315996],[-86.531117,34.315889],[-86.531327,34.315771],[-86.531621,34.315575],[-86.53224,34.315151],[-86.532523,34.314955],[-86.532819,34.314744],[-86.533113,34.31454],[-86.533324,34.314401],[-86.534197,34.313797],[-86.534386,34.313678],[-86.535512,34.312895],[-86.535752,34.312756],[-86.535972,34.312581],[-86.536259,34.312386],[-86.536582,34.312155],[-86.536752,34.31204],[-86.537421,34.311562],[-86.537786,34.311289],[-86.537987,34.311122],[-86.538183,34.310947],[-86.538437,34.310716],[-86.538652,34.310487],[-86.538876,34.310255],[-86.539103,34.310026],[-86.539354,34.309748],[-86.539892,34.30919],[-86.540313,34.308738],[-86.540529,34.308525],[-86.540748,34.308294],[-86.540959,34.30806],[-86.541204,34.30781],[-86.541518,34.307508],[-86.542268,34.306854],[-86.542609,34.306594],[-86.542869,34.306387],[-86.543173,34.30615],[-86.543518,34.30589],[-86.543856,34.305648],[-86.544186,34.305382],[-86.544663,34.305024],[-86.544949,34.304803],[-86.545193,34.304608],[-86.545413,34.304444],[-86.545882,34.304109],[-86.546205,34.303856],[-86.54672,34.303514],[-86.546981,34.303331],[-86.547345,34.303054],[-86.547738,34.302802],[-86.548049,34.302622],[-86.548414,34.302439],[-86.548751,34.302252],[-86.548997,34.302126],[-86.549328,34.301931],[-86.549587,34.30179],[-86.54961,34.30178]]}},{"type":"Feature","properties":{},"geometry":{"type":"LineString","coordinates":[[-86.513314,34.362151],[-86.513323,34.362265],[-86.51338,34.362377],[-86.513449,34.362475],[-86.513665,34.362833],[-86.513746,34.363036],[-86.513795,34.363145],[-86.513854,34.363253],[-86.513971,34.363446],[-86.514024,34.36354],[-86.514042,34.363595],[-86.51405,34.363637],[-86.514054,34.363693],[-86.514053,34.363728],[-86.514045,34.363766],[-86.514022,34.363813],[-86.513997,34.363858],[-86.513962,34.363899],[-86.513934,34.363924],[-86.513878,34.363967],[-86.513828,34.363991],[-86.513777,34.364008],[-86.513734,34.364015],[-86.513681,34.364018],[-86.513566,34.364017],[-86.513384,34.364011],[-86.513238,34.364011],[-86.513098,34.364016],[-86.512945,34.364029],[-86.512277,34.364098],[-86.512175,34.364113],[-86.51204,34.364153],[-86.511982,34.364188],[-86.511899,34.364249],[-86.511743,34.364254]]}},{"type":"Feature","properties":{},"geometry":{"type":"LineString","coordinates":[[-86.511742,34.364604],[-86.511719,34.364661],[-86.511695,34.364729],[-86.511658,34.364858],[-86.511643,34.364923],[-86.511634,34.36499],[-86.511627,34.36528],[-86.511669,34.365347]]}},{"type":"Feature","properties":{},"geometry":{"type":"LineString","coordinates":[[-86.499493,34.358127],[-86.499523,34.358165],[-86.499526,34.358173],[-86.499575,34.358238],[-86.499633,34.358313]]}},{"type":"Feature","properties":{},"geometry":{"type":"LineString","coordinates":[[-86.517707,34.296919],[-86.51785,34.296856],[-86.518101,34.296781],[-86.518285,34.296736],[-86.518413,34.296699]]}},{"type":"Feature","properties":{},"geometry":{"type":"LineString","coordinates":[[-86.544464,34.305173],[-86.54453,34.305226],[-86.544644,34.305297],[-86.544688,34.305327]]}},{"type":"Feature","properties":{},"geometry":{"type":"LineString","coordinates":[[-86.544688,34.305327],[-86.5448,34.305357],[-86.544994,34.305483],[-86.545221,34.305644],[-86.545371,34.305766],[-86.545576,34.305888],[-86.545651,34.305922],[-86.545756,34.305921],[-86.545812,34.305896],[-86.54597,34.305788],[-86.546157,34.305639],[-86.546384,34.305473],[-86.546648,34.30529],[-86.546895,34.305102],[-86.547076,34.304989],[-86.547398,34.304698],[-86.547469,34.304614]]}},{"type":"Feature","properties":{},"geometry":{"type":"LineString","coordinates":[[-86.527774,34.378947],[-86.527713,34.378755],[-86.52765,34.378482],[-86.527594,34.378172],[-86.527476,34.377738],[-86.527394,34.377453],[-86.527314,34.377275],[-86.527252,34.377162],[-86.527121,34.377018],[-86.526934,34.376798],[-86.526789,34.376569],[-86.526628,34.376302],[-86.526508,34.376046],[-86.526423,34.375818],[-86.526357,34.375688],[-86.526328,34.37565],[-86.526288,34.375608],[-86.526214,34.375551],[-86.52609,34.375485],[-86.525903,34.375438],[-86.525752,34.375422],[-86.52495,34.375373],[-86.524518,34.375339],[-86.524161,34.375317],[-86.523973,34.375314],[-86.523816,34.375325],[-86.523631,34.375354],[-86.523489,34.375387],[-86.52297,34.375542]]}},{"type":"Feature","properties":{},"geometry":{"type":"LineString","coordinates":[[-86.52297,34.375542],[-86.52281,34.375576],[-86.522407,34.375626],[-86.522207,34.375637],[-86.522161,34.375673],[-86.522138,34.375705],[-86.521851,34.375716],[-86.521633,34.375748],[-86.521368,34.375765]]}},{"type":"Feature","properties":{},"geometry":{"type":"LineString","coordinates":[[-86.527774,34.378947],[-86.527835,34.379077],[-86.527873,34.379142],[-86.527927,34.379219],[-86.52815,34.379443],[-86.528416,34.379693],[-86.528655,34.379907],[-86.528912,34.380128],[-86.529147,34.380349],[-86.529595,34.380745],[-86.529796,34.3809],[-86.530043,34.38107],[-86.530364,34.381297],[-86.530589,34.381444],[-86.530819,34.381604]]}},{"type":"Feature","properties":{},"geometry":{"type":"LineString","coordinates":[[-86.500299,34.358882],[-86.500266,34.358854],[-86.500256,34.35885],[-86.50022,34.358819],[-86.500146,34.358711]]}},{"type":"Feature","properties":{},"geometry":{"type":"LineString","coordinates":[[-86.499491,34.355256],[-86.499615,34.355046],[-86.499743,34.354843],[-86.49975,34.354822],[-86.499753,34.3548],[-86.499752,34.354778],[-86.499746,34.354757],[-86.499735,34.354737],[-86.499721,34.354719],[-86.499703,34.354703],[-86.499682,34.35469],[-86.499658,34.35468],[-86.499633,34.354674],[-86.49961,34.354671],[-86.499587,34.354671],[-86.499564,34.354673],[-86.499542,34.354679],[-86.499522,34.354687],[-86.499503,34.354698],[-86.499486,34.354712],[-86.499472,34.354741],[-86.499464,34.354772],[-86.499461,34.354804],[-86.499463,34.354836],[-86.499471,34.354867],[-86.499507,34.354974],[-86.499502,34.355026],[-86.499369,34.355233]]}},{"type":"Feature","properties":{},"geometry":{"type":"LineString","coordinates":[[-86.500045,34.358625],[-86.499994,34.358559],[-86.499983,34.358496],[-86.500057,34.358433],[-86.500243,34.358331],[-86.500315,34.358264],[-86.50035,34.35819],[-86.500351,34.358036],[-86.500312,34.357741],[-86.500302,34.357624]]}},{"type":"Feature","properties":{},"geometry":{"type":"LineString","coordinates":[[-86.500302,34.357624],[-86.500298,34.357608]]}},{"type":"Feature","properties":{},"geometry":{"type":"LineString","coordinates":[[-86.49899,34.356541],[-86.498985,34.356618],[-86.498982,34.356835],[-86.498986,34.356983],[-86.498984,34.357167],[-86.498993,34.357233],[-86.499008,34.357292],[-86.499031,34.357354],[-86.49912,34.357528],[-86.499275,34.357789],[-86.499324,34.357879],[-86.499437,34.358051],[-86.499493,34.358127]]}},{"type":"Feature","properties":{},"geometry":{"type":"LineString","coordinates":[[-86.500298,34.357608],[-86.500281,34.357511],[-86.500219,34.35698],[-86.500174,34.356873],[-86.500064,34.3568],[-86.499834,34.356786],[-86.499649,34.356784],[-86.499309,34.356786],[-86.499204,34.356777],[-86.499143,34.356756],[-86.499122,34.356722],[-86.499117,34.356682],[-86.499121,34.356521]]}},{"type":"Feature","properties":{},"geometry":{"type":"LineString","coordinates":[[-86.499369,34.355233],[-86.499138,34.355602],[-86.499067,34.355728],[-86.49901,34.355885],[-86.499002,34.356058],[-86.498997,34.356269],[-86.498996,34.356433],[-86.49899,34.356541]]}},{"type":"Feature","properties":{},"geometry":{"type":"LineString","coordinates":[[-86.499121,34.356521],[-86.499134,34.356002],[-86.499153,34.355893],[-86.499171,34.355841],[-86.499207,34.355761],[-86.499382,34.355441],[-86.499491,34.355256]]}},{"type":"Feature","properties":{},"geometry":{"type":"LineString","coordinates":[[-86.496543,34.320859],[-86.49673,34.320922],[-86.496845,34.320962]]}},{"type":"Feature","properties":{},"geometry":{"type":"LineString","coordinates":[[-86.462797,34.343494],[-86.462693,34.343373],[-86.462481,34.343137],[-86.462267,34.342886],[-86.462209,34.3428],[-86.462184,34.342738],[-86.462194,34.342633],[-86.462218,34.34255],[-86.462225,34.342499],[-86.462203,34.342386],[-86.462068,34.342142],[-86.461811,34.341825]]}},{"type":"Feature","properties":{},"geometry":{"type":"LineString","coordinates":[[-86.500316,34.29855],[-86.500336,34.298738],[-86.500381,34.299621],[-86.500433,34.30074]]}},{"type":"Feature","properties":{},"geometry":{"type":"LineString","coordinates":[[-86.448239,34.346772],[-86.448166,34.346739]]}},{"type":"Feature","properties":{},"geometry":{"type":"LineString","coordinates":[[-86.529796,34.316591],[-86.529718,34.316335]]}},{"type":"Feature","properties":{},"geometry":{"type":"LineString","coordinates":[[-86.529718,34.316335],[-86.529706,34.316298]]}},{"type":"Feature","properties":{},"geometry":{"type":"LineString","coordinates":[[-86.529742,34.316331],[-86.529718,34.316335]]}},{"type":"Feature","properties":{},"geometry":{"type":"LineString","coordinates":[[-86.511899,34.295799],[-86.511846,34.295849],[-86.51167,34.295996],[-86.511466,34.296175],[-86.511139,34.296482],[-86.510883,34.296747],[-86.510597,34.297063],[-86.509966,34.297772],[-86.509776,34.297977],[-86.509427,34.298363],[-86.509244,34.298364]]}},{"type":"Feature","properties":{},"geometry":{"type":"LineString","coordinates":[[-86.511899,34.295799],[-86.511901,34.295792],[-86.512153,34.295591],[-86.512659,34.29518],[-86.51299,34.294908],[-86.51398,34.29412],[-86.514973,34.293299],[-86.5154,34.292969],[-86.515846,34.292644],[-86.516268,34.292328],[-86.516954,34.291826],[-86.517228,34.291616],[-86.517651,34.291277],[-86.518037,34.290914],[-86.518379,34.29055],[-86.519134,34.289735],[-86.519395,34.289443]]}},{"type":"Feature","properties":{},"geometry":{"type":"LineString","coordinates":[[-86.566421,34.300663],[-86.566407,34.300699],[-86.566395,34.300694],[-86.566306,34.300665],[-86.566072,34.300518],[-86.565874,34.30041],[-86.565554,34.300243],[-86.565022,34.299942],[-86.564712,34.299763],[-86.564391,34.299601],[-86.564095,34.299473],[-86.563867,34.299392],[-86.563654,34.299345],[-86.563197,34.299259],[-86.562742,34.2992],[-86.561742,34.299184],[-86.561125,34.299158],[-86.560497,34.299137],[-86.559857,34.299121],[-86.559199,34.299132],[-86.558553,34.299197],[-86.558361,34.299219]]}},{"type":"Feature","properties":{},"geometry":{"type":"LineString","coordinates":[[-86.558361,34.299219],[-86.558349,34.299178],[-86.558302,34.2989],[-86.55829,34.298442],[-86.558287,34.298012],[-86.558276,34.297786],[-86.558274,34.297513],[-86.558268,34.297365]]}},{"type":"Feature","properties":{},"geometry":{"type":"LineString","coordinates":[[-86.566246,34.300552],[-86.566421,34.300663]]}},{"type":"Feature","properties":{},"geometry":{"type":"LineString","coordinates":[[-86.472404,34.324082],[-86.471796,34.324223]]}},{"type":"Feature","properties":{},"geometry":{"type":"LineString","coordinates":[[-86.470548,34.324421],[-86.470097,34.32453],[-86.470042,34.324541],[-86.46976,34.324608],[-86.467891,34.325081]]}},{"type":"Feature","properties":{},"geometry":{"type":"LineString","coordinates":[[-86.46573,34.325644],[-86.46458,34.325798]]}},{"type":"Feature","properties":{},"geometry":{"type":"LineString","coordinates":[[-86.471796,34.324223],[-86.471746,34.324227],[-86.471719,34.324229]]}},{"type":"Feature","properties":{},"geometry":{"type":"LineString","coordinates":[[-86.471719,34.324229],[-86.471445,34.324256],[-86.471265,34.324276],[-86.471086,34.324303],[-86.470908,34.324336],[-86.470733,34.324376],[-86.470548,34.324421]]}},{"type":"Feature","properties":{},"geometry":{"type":"LineString","coordinates":[[-86.467891,34.325081],[-86.466627,34.325406],[-86.466227,34.325496],[-86.46573,34.325644]]}},{"type":"Feature","properties":{},"geometry":{"type":"LineString","coordinates":[[-86.492024,34.364095],[-86.49201,34.364149],[-86.491988,34.3642],[-86.49196,34.364249],[-86.491925,34.364296],[-86.491884,34.364338],[-86.491844,34.364369],[-86.4918,34.364395],[-86.491753,34.364418],[-86.491703,34.364436],[-86.491651,34.36445],[-86.491509,34.36445],[-86.491469,34.364454],[-86.491454,34.364456],[-86.491425,34.364467],[-86.491402,34.364483],[-86.491385,34.36452],[-86.491377,34.364558],[-86.491378,34.364599],[-86.491387,34.364639],[-86.491414,34.36467],[-86.491445,34.364697],[-86.49148,34.364706],[-86.491516,34.364712],[-86.491553,34.364714],[-86.491581,34.36471],[-86.491609,34.364704],[-86.491635,34.364694],[-86.491659,34.364681],[-86.491683,34.364663],[-86.491703,34.364642],[-86.491736,34.364596],[-86.491761,34.36455],[-86.491773,34.364537],[-86.49197,34.364427],[-86.492008,34.364402],[-86.492042,34.364373],[-86.492071,34.36434],[-86.492094,34.364304],[-86.492113,34.364264],[-86.492127,34.364221],[-86.492135,34.364178],[-86.492169,34.364065]]}},{"type":"Feature","properties":{},"geometry":{"type":"LineString","coordinates":[[-86.569407,34.322936],[-86.569409,34.322938],[-86.569453,34.322943],[-86.569473,34.322952],[-86.569536,34.322965],[-86.569543,34.322995],[-86.569554,34.323078],[-86.569584,34.323363],[-86.569609,34.323725],[-86.56963,34.324544],[-86.569628,34.32495],[-86.569617,34.325685],[-86.569606,34.326876],[-86.56961,34.327292],[-86.569619,34.327686],[-86.569609,34.328012],[-86.56961,34.328084],[-86.569618,34.328155],[-86.569633,34.328225],[-86.569655,34.328294],[-86.569684,34.328362],[-86.569726,34.328443],[-86.569776,34.328522],[-86.569832,34.328598],[-86.569895,34.32867],[-86.570094,34.32881],[-86.57012,34.328826],[-86.570149,34.328839],[-86.570179,34.328848],[-86.570211,34.328853],[-86.570295,34.328859],[-86.57038,34.328858],[-86.570464,34.328852],[-86.570532,34.328843],[-86.5706,34.328831],[-86.570666,34.328815],[-86.570755,34.328791],[-86.570843,34.328764],[-86.570887,34.328747],[-86.570929,34.328725],[-86.570967,34.3287],[-86.571001,34.328671],[-86.57106,34.328607],[-86.571096,34.328579],[-86.571136,34.328556],[-86.57118,34.328538],[-86.571372,34.328438]]}},{"type":"Feature","properties":{},"geometry":{"type":"LineString","coordinates":[[-86.426276,34.36067],[-86.426477,34.360843],[-86.426591,34.360993],[-86.426673,34.361067]]}},{"type":"Feature","properties":{},"geometry":{"type":"LineString","coordinates":[[-86.4419,34.35294],[-86.441873,34.352791],[-86.441849,34.352685],[-86.44179,34.35248],[-86.44179,34.352474],[-86.441793,34.352471],[-86.441903,34.352426],[-86.442018,34.352383],[-86.442063,34.352366],[-86.442159,34.352335],[-86.442402,34.352278],[-86.44274,34.35219],[-86.44296,34.352124],[-86.443199,34.352056],[-86.443427,34.352],[-86.443699,34.351917],[-86.44393,34.351854],[-86.444132,34.351796],[-86.444338,34.351747],[-86.444533,34.351693],[-86.444719,34.35166],[-86.445318,34.351523]]}}]}